company_name,count_salary_from_pln,mean_salary_from_pln,median_salary_from_pln,min_salary_from_pln,max_salary_from_pln,std_salary_from_pln
.mdd,1,8000.0,8000.0,8000.0,8000.0,
10Clouds,19,15000.0,15000.0,15000.0,15000.0,0.0
180heartbeats / JvM,1,12000.0,12000.0,12000.0,12000.0,
4 o'clock Interactive,1,12000.0,12000.0,12000.0,12000.0,
4Experience Sp. z o. o.,3,6720.0,6720.0,6720.0,6720.0,0.0
7N,170,23534.34117647059,23520.0,8400.0,38640.0,5384.729361547432
ADASTRA,4,24765.0,28020.0,15000.0,28020.0,6510.0
ADVA Optical Networking Sp. z o.o.,3,14000.0,14000.0,14000.0,14000.0,0.0
AG Systems,10,14000.0,14000.0,14000.0,14000.0,0.0
AGORA S.A.,1,14000.0,14000.0,14000.0,14000.0,
AP-Tech,1,16000.0,16000.0,16000.0,16000.0,
ARCHE CONSULTING,4,18000.0,19000.0,15000.0,19000.0,2000.0000000000005
ARRIS,1,10000.0,10000.0,10000.0,10000.0,
ASTEK Polska,12,19216.666666666668,20500.0,14800.0,21000.0,2429.3034292807365
ATENEUM sp. z o.o. sp.j.,2,7250.0,7250.0,7000.0,7500.0,353.5533905932738
ATOMIS Elektronika,1,8000.0,8000.0,8000.0,8000.0,
AUCTANE Poland,1,9666.0,9666.0,9666.0,9666.0,
AUTENTI Sp. z o.o.,6,15000.0,15000.0,15000.0,15000.0,0.0
Able,1,28020.0,28020.0,28020.0,28020.0,
Acaisoft,3,25000.0,24000.0,20000.0,31000.0,5567.764362830022
Accenture,4,13250.0,13000.0,13000.0,14000.0,500.00000000000017
Accenture ,2,14000.0,14000.0,14000.0,14000.0,0.0
Acclaim,1,12000.0,12000.0,12000.0,12000.0,
Adanto Software,10,20000.0,20000.0,20000.0,20000.0,0.0
Adaptiq,10,19305.0,19305.0,19305.0,19305.0,0.0
Adchitects,10,8000.0,8000.0,8000.0,8000.0,0.0
Addepto,1,20160.0,20160.0,20160.0,20160.0,
Adform Sp. z o.o.,2,20568.0,20568.0,17136.0,24000.0,4853.580946064462
Adverity,2,27086.0,27086.0,27086.0,27086.0,0.0
Advox Studio,3,7000.0,7000.0,7000.0,7000.0,0.0
Aerobits Sp. z o.o.,1,20000.0,20000.0,20000.0,20000.0,
Affirm,39,23238.666666666668,22042.0,18800.0,30175.0,2894.082786555802
AirHelp,5,22400.0,24000.0,16000.0,24000.0,3577.7087639996635
Airspace Intelligence,4,19900.0,23400.0,9400.0,23400.0,7000.0
Akademia Górniczo-Hutnicza w Krakowie,1,6000.0,6000.0,6000.0,6000.0,
All Good S.A.,1,14000.0,14000.0,14000.0,14000.0,
Allegro,25,14428.0,16100.0,12300.0,16100.0,1925.1666594522842
Alphamoon sp. z o.o.,1,14000.0,14000.0,14000.0,14000.0,
Alter Solutions Polska,18,23486.666666666668,23200.0,16800.0,29000.0,3187.571452486341
Altimetrik Poland,21,20047.619047619046,20000.0,12000.0,27000.0,5545.053565802504
Altkom Experts,2,27500.0,27500.0,25000.0,30000.0,3535.5339059327375
Altkom Software & Consulting,1,4200.0,4200.0,4200.0,4200.0,
Amberlo,2,12842.5,12842.5,7005.0,18680.0,8255.471670352943
Amer Sports,1,23350.0,23350.0,23350.0,23350.0,
Analyx,10,9000.0,9000.0,9000.0,9000.0,0.0
Andea,4,11000.0,9750.0,7500.0,17000.0,4527.6925690687085
Andersen,6,29500.0,27000.0,27000.0,42000.0,6123.724356957945
Angry Nerds,1,18500.0,18500.0,18500.0,18500.0,
Anixe,1,9000.0,9000.0,9000.0,9000.0,
Answear.com S.A.,1,10000.0,10000.0,10000.0,10000.0,
AnywhereWorks,1,8000.0,8000.0,8000.0,8000.0,
Aon,3,18700.0,18700.0,18700.0,18700.0,0.0
Apilo,3,9500.0,9500.0,9500.0,9500.0,0.0
Apius Technologies S.A.,3,12000.0,12000.0,12000.0,12000.0,0.0
Aplikacje Krytyczne,14,14035.714285714286,12500.0,11000.0,18000.0,2741.8711025241764
Apollogic,2,9000.0,9000.0,8000.0,10000.0,1414.213562373095
AppTailors,1,9000.0,9000.0,9000.0,9000.0,
AppUnite,1,12000.0,12000.0,12000.0,12000.0,
Appfire,30,14393.333333333334,13000.0,10800.0,32000.0,4543.273416088155
Applause,1,18000.0,18000.0,18000.0,18000.0,
Appliscale,8,15250.0,14500.0,5000.0,23000.0,5437.961803049794
Apptimia,1,12000.0,12000.0,12000.0,12000.0,
Apptio,2,22000.0,22000.0,22000.0,22000.0,0.0
Appwise,2,9000.0,9000.0,8000.0,10000.0,1414.213562373095
Appwise Software House,3,13000.0,13000.0,13000.0,13000.0,0.0
Apzumi,4,11250.0,10000.0,8000.0,17000.0,4272.001872658766
ArdentCode,4,19250.0,19250.0,19000.0,19500.0,288.67513459481285
Ardigen S.A.,1,18000.0,18000.0,18000.0,18000.0,
Asco Systemy Informatyczne,1,12000.0,12000.0,12000.0,12000.0,
Aspire Systems Poland,3,13333.333333333334,14000.0,11000.0,15000.0,2081.6659994661327
Atende Industries,1,12000.0,12000.0,12000.0,12000.0,
Aterian,12,16945.5,17160.0,6435.0,22737.0,5057.835406574634
Aurora Creation,1,8400.0,8400.0,8400.0,8400.0,
Autodesk,1,22500.0,22500.0,22500.0,22500.0,
Avanade Poland,4,15260.0,15120.0,14000.0,16800.0,1154.469575172945
Averna,10,13000.0,13000.0,13000.0,13000.0,0.0
Avra Software,1,19320.0,19320.0,19320.0,19320.0,
Awareson Sp. z o.o.,5,20600.0,24000.0,9000.0,25000.0,6804.4103344816
Axabee,6,8550.0,8550.0,7100.0,10000.0,1588.3954167649817
Axiom health,1,21450.0,21450.0,21450.0,21450.0,
B2B Soft,4,18767.677499999998,17160.0,17160.0,23590.71,3215.354999999999
B3 Consulting Poland,1,25200.0,25200.0,25200.0,25200.0,
BCF Software Sp. z o.o.,13,15292.307692307691,15000.0,15000.0,17000.0,714.6812091899653
BEC Poland,7,6000.0,6000.0,6000.0,6000.0,0.0
BEUMER Group Poland,1,10800.0,10800.0,10800.0,10800.0,
BMS sp. z o.o.,1,10000.0,10000.0,10000.0,10000.0,
BNY Mellon (Poland) Sp. z o.o.,3,15333.333333333334,15000.0,15000.0,16000.0,577.3502691896259
BOLD PL,3,18000.0,18000.0,18000.0,18000.0,0.0
BPMRIDERS,10,6200.0,5000.0,5000.0,9000.0,1932.183566158592
BRAINLY,5,16200.0,17000.0,13000.0,17000.0,1788.854381999832
BT ELECTRONICS,1,8000.0,8000.0,8000.0,8000.0,
Backbase,1,19000.0,19000.0,19000.0,19000.0,
Bank Millennium,1,21000.0,21000.0,21000.0,21000.0,
BaseLinker,4,16000.0,16000.0,16000.0,16000.0,0.0
Bayt sp. z o.o. sp. k.,2,12000.0,12000.0,12000.0,12000.0,0.0
Bee Talents,1,26152.0,26152.0,26152.0,26152.0,
Beesafe,1,12000.0,12000.0,12000.0,12000.0,
Beetroot,1,4000.0,4000.0,4000.0,4000.0,
Bergman Engineering,5,20000.0,20000.0,20000.0,20000.0,0.0
Bertek,1,14000.0,14000.0,14000.0,14000.0,
Besoftaware,2,4000.0,4000.0,4000.0,4000.0,0.0
Betsys,1,14000.0,14000.0,14000.0,14000.0,
Better Software Group S.A.,1,15000.0,15000.0,15000.0,15000.0,
Billon (Program Kariera),2,3600.0,3600.0,3600.0,3600.0,0.0
Bim.Point,3,14944.0,14944.0,14944.0,14944.0,0.0
BitBag,12,9791.666666666666,10500.0,4000.0,15000.0,2903.433182014741
Bitcoin Technologies,1,13000.0,13000.0,13000.0,13000.0,
Bitnoise,3,16000.0,16000.0,16000.0,16000.0,0.0
Black Label,1,12500.0,12500.0,12500.0,12500.0,
Blazity,2,13000.0,13000.0,12000.0,14000.0,1414.213562373095
BlockLabs,3,25000.0,25000.0,25000.0,25000.0,0.0
BlueRider.Software Sp. z o.o.,4,10000.0,10000.0,10000.0,10000.0,0.0
BlueSoft,11,19400.0,20000.0,15120.0,20160.0,1526.1978901833147
Bluerank,1,7500.0,7500.0,7500.0,7500.0,
Boldare,5,11200.0,11200.0,11200.0,11200.0,0.0
Booksy,4,10012.5,9350.0,9350.0,12000.0,1325.0000000000002
Brainhub Sp. z. o. o.,2,19350.0,19350.0,16000.0,22700.0,4737.615433949868
Brand Technology,1,8000.0,8000.0,8000.0,8000.0,
Bright Inventions,4,20000.0,20000.0,20000.0,20000.0,0.0
Britenet,4,13700.0,14000.0,10000.0,16800.0,3239.341496868358
Broadridge Financial Solutions Ltd,1,9000.0,9000.0,9000.0,9000.0,
Burda Media Polska,4,15000.0,15000.0,15000.0,15000.0,0.0
C&F,1,12000.0,12000.0,12000.0,12000.0,
C. H. Robinson,2,16500.0,16500.0,15000.0,18000.0,2121.3203435596424
CDQ,6,20550.0,20550.0,16100.0,25000.0,4874.730761795979
CDeX,4,20000.0,19500.0,14000.0,27000.0,5477.2255750516615
CERI International,8,7500.0,7500.0,7500.0,7500.0,0.0
CFI World S. A.,3,5500.0,5500.0,5500.0,5500.0,0.0
CKSource,10,18500.0,19000.0,14000.0,19000.0,1581.1388300841895
COIG S.A.,68,7250.0,7000.0,7000.0,8000.0,436.23217151270086
CONTELIZER,1,6500.0,6500.0,6500.0,6500.0,
CRED ,43,25860.46511627907,24000.0,20000.0,30000.0,3151.5785564639955
CRODU,25,25619.2,29400.0,18480.0,29400.0,4068.4005047028854
CStore SA,1,26000.0,26000.0,26000.0,26000.0,
CXC Global Poland SP z.o.o,19,47600.0,47600.0,47600.0,47600.0,0.0
Callstack,6,26500.0,26500.0,22000.0,31000.0,4929.503017546495
Caltha,1,5000.0,5000.0,5000.0,5000.0,
Capco Poland,3,21106.333333333332,20160.0,20159.0,23000.0,1639.9635158543413
Carnect / MicronNexus GmbH,1,24000.0,24000.0,24000.0,24000.0,
Cavendish Professionals,32,36000.0,36000.0,36000.0,36000.0,0.0
Centra,7,15285.714285714286,16000.0,8000.0,20000.0,4498.677054212187
Centrum Medyczne CMP,1,8000.0,8000.0,8000.0,8000.0,
Centrum e-Zdrowia,2,15000.0,15000.0,15000.0,15000.0,0.0
Centuria,1,11000.0,11000.0,11000.0,11000.0,
Cere Network,9,30030.0,30030.0,30030.0,30030.0,0.0
Ciklum ,39,20917.768205128203,21482.0,18493.2,28020.0,1940.1052121915982
Citi,6,11833.333333333334,13000.0,7000.0,16000.0,3970.726214015097
ClearCourse Dev,6,21333.333333333332,21000.0,21000.0,22000.0,516.3977794943225
Clearcode,6,16000.0,17000.0,10000.0,18000.0,2966.4793948382653
Cleeng sp. z o.o.,2,13500.0,13500.0,11000.0,16000.0,3535.5339059327375
Clever Grapes,2,26000.0,26000.0,24000.0,28000.0,2828.42712474619
ClickMeeting,4,9959.25,10584.0,8085.0,10584.0,1249.5
Clorce Solutions,4,7000.0,7000.0,7000.0,7000.0,0.0
CloudFerro sp. z o.o.,15,23133.333333333332,25000.0,18000.0,25000.0,3204.1639575194445
CloudLinux,1,17160.0,17160.0,17160.0,17160.0,
CloudTalk,6,15566.666666666666,16345.0,14010.0,16345.0,1205.7888151192421
Clouds on Mars Sp. z o.o.,21,15285.714285714286,11000.0,11000.0,20000.0,4605.89684147243
Clurgo,6,16660.0,16380.0,14280.0,20160.0,2678.357705759259
Codahead,1,20000.0,20000.0,20000.0,20000.0,
Code Poets,13,16384.615384615383,18000.0,12000.0,18000.0,2631.1740579210878
CodeTwo - HRejterzy,4,14000.0,14000.0,10000.0,18000.0,4618.8021535170055
Codee,1,9000.0,9000.0,9000.0,9000.0,
Codelab Sp. z o.o.,5,16400.0,18000.0,13000.0,18000.0,2302.1728866442677
Codemask,1,18000.0,18000.0,18000.0,18000.0,
Codibly,14,21378.571428571428,20000.0,19000.0,26800.0,2259.7408195252333
Codilime,24,20395.833333333332,22000.0,16500.0,22000.0,2449.3972935090123
Codiway,1,12000.0,12000.0,12000.0,12000.0,
Coffee Mug,1,15000.0,15000.0,15000.0,15000.0,
Cofinity,2,7500.0,7500.0,5000.0,10000.0,3535.5339059327375
Cognizant Technology Solutions,19,17789.473684210527,18000.0,14000.0,18000.0,917.6629354822467
CoinAPI.io,1,10000.0,10000.0,10000.0,10000.0,
ComScore,1,20000.0,20000.0,20000.0,20000.0,
Comernal Software Sp. z o.o.,1,26000.0,26000.0,26000.0,26000.0,
Commoditech,1,25000.0,25000.0,25000.0,25000.0,
Comp S.A.,1,4000.0,4000.0,4000.0,4000.0,
CompanyHouse,1,14000.0,14000.0,14000.0,14000.0,
Compuco,11,13742.527272727275,15960.0,11081.560000000001,15960.0,2547.682199761542
Concentrix,21,19524.714285714286,19300.0,19300.0,24000.0,1025.4251383137207
Connecta Sp. z o.o.,1,5000.0,5000.0,5000.0,5000.0,
Connectis,26,20850.0,21500.0,9000.0,28000.0,4864.997430626248
Conscensia,3,24333.333333333332,25000.0,20000.0,28000.0,4041.4518843273804
Consdata S.A.,5,15306.0,14950.0,12000.0,19680.0,2758.700781164931
Consid,46,19521.739130434784,19500.0,17000.0,22000.0,2084.217203809865
Consileon Polska,12,19000.0,19000.0,19000.0,19000.0,0.0
Consult Red,14,30035.714285714286,33000.0,23500.0,33000.0,4143.875395894922
Convertis sp. z o.o.,1,9000.0,9000.0,9000.0,9000.0,
Convista Poland | axxiome,4,3864.0,3864.0,3864.0,3864.0,0.0
Corva,2,17160.0,17160.0,17160.0,17160.0,0.0
CottonBee,6,12800.0,12800.0,12800.0,12800.0,0.0
Cpl Poland,20,18525.0,18000.0,14000.0,32000.0,4234.8025493025
Crafton,1,7000.0,7000.0,7000.0,7000.0,
Craftware,2,24660.0,24660.0,19320.0,30000.0,7551.900423072328
Craon.pl,1,26880.0,26880.0,26880.0,26880.0,
Crealogix,6,19333.333333333332,19000.0,13000.0,30000.0,5750.362307426087
Creanso,1,7000.0,7000.0,7000.0,7000.0,
Creative Ideas Sp. z o.o.,7,13714.285714285714,15000.0,12000.0,15000.0,1603.5674514745463
Crestt,24,21092.5,22400.0,14000.0,23520.0,3579.9626546509744
Crimson Panda,30,24333.333333333332,25000.0,18000.0,30000.0,5005.743827281597
CrustLab,1,20000.0,20000.0,20000.0,20000.0,
Cryptocurrency Software Solutions,19,28000.0,28000.0,28000.0,28000.0,0.0
Currenda,1,5000.0,5000.0,5000.0,5000.0,
Customertimes,2,22522.5,22522.5,19305.0,25740.0,4550.232136935433
Cyfrowa Foto Sp. zo.o.,1,13000.0,13000.0,13000.0,13000.0,
DB Schenker Technology Center,1,14400.0,14400.0,14400.0,14400.0,
DCG ,9,18466.555555555555,18500.0,14000.0,25200.0,3748.1150966556215
DELVE,2,5000.0,5000.0,5000.0,5000.0,0.0
DEVTALENTS,2,15095.0,15095.0,8350.0,21840.0,9538.870478206527
DEVnet HPS,2,10000.0,10000.0,7000.0,13000.0,4242.640687119285
DNA Technology,16,20212.5,22050.0,14700.0,22050.0,3287.019926924691
DNV,5,16700.0,16700.0,16700.0,16700.0,0.0
DO OK • Life-changing software services,8,13437.5,13000.0,7500.0,18000.0,2969.3373479135516
DPDgroup IT Solutions,1,12000.0,12000.0,12000.0,12000.0,
DTiQ Poland SP. z o.o.,1,4000.0,4000.0,4000.0,4000.0,
Daftmobile,3,17000.0,17000.0,17000.0,17000.0,0.0
DahliaMatic Sp. z o.o.,5,20400.0,20000.0,17000.0,24000.0,3507.1355833500365
Dark Passenger,6,15000.0,15000.0,12000.0,18000.0,3286.335345030997
Dassault Systemes,3,11000.0,12000.0,9000.0,12000.0,1732.0508075688772
DataArt,2,23000.0,23000.0,23000.0,23000.0,0.0
DataWalk,4,12250.0,9000.0,9000.0,22000.0,6500.0
Dataedo,19,14473.684210526315,13000.0,6000.0,17000.0,2835.6543640780014
Datumo,13,14384.615384615385,14000.0,8000.0,25000.0,3594.8681370916684
David Kennedy Recruitment,1,38915.11,38915.11,38915.11,38915.11,
David Kennedy Recruitment Inc.,2,25682.665,25682.665,21010.329999999998,30355.0,6607.679524950496
Daytrip,9,32690.0,32690.0,32690.0,32690.0,0.0
Dealavo,1,13000.0,13000.0,13000.0,13000.0,
Decerto,23,19153.043478260868,16800.0,15000.0,23520.0,4290.770681763159
Degree,2,22000.0,22000.0,22000.0,22000.0,0.0
Deloitte Polska,1,9000.0,9000.0,9000.0,9000.0,
Detable,3,20160.0,20160.0,20160.0,20160.0,0.0
Devapo,2,22000.0,22000.0,12000.0,32000.0,14142.13562373095
Devbridge,2,24000.0,24000.0,24000.0,24000.0,0.0
Develtio,10,6260.0,5000.0,3200.0,11000.0,3052.2123124055443
Deviniti,3,13500.0,13500.0,13500.0,13500.0,0.0
Devire,48,19724.166666666668,20160.0,8000.0,30240.0,5736.2141245136145
Devqube Sp. z o.o.,3,12000.0,12000.0,12000.0,12000.0,0.0
DevsData,1,20000.0,20000.0,20000.0,20000.0,
DevsData LLC,42,25202.47619047619,20000.0,5604.0,42000.0,10814.278971348527
Dietly.pl,2,12000.0,12000.0,12000.0,12000.0,0.0
Digital Colliers,2,13500.0,13500.0,9000.0,18000.0,6363.961030678927
Digital Fingerprints,1,15500.0,15500.0,15500.0,15500.0,
Digital First AI,20,13050.0,13000.0,13000.0,14000.0,223.6067977499789
Digiteum,4,16000.0,16000.0,16000.0,16000.0,0.0
Direct Communication,9,25888.88888888889,25000.0,25000.0,30000.0,1691.48192751537
Displate,10,19300.0,20000.0,14000.0,24000.0,4110.960958218894
Distribusion Technologies,14,28020.0,28020.0,28020.0,28020.0,0.0
Divante,16,18913.75,19740.0,7000.0,26880.0,6345.714433116784
Done Deliveries Sp. z o.o. SK.,5,11500.0,11500.0,11500.0,11500.0,0.0
Drata,1,23234.64,23234.64,23234.64,23234.64,
Droplo,3,14666.666666666666,15000.0,9000.0,20000.0,5507.570547286102
Drukarnia Interak,9,10000.0,10000.0,10000.0,10000.0,0.0
Duco,38,19000.0,19000.0,16000.0,22000.0,3040.2702582571897
Dynatrace,13,14000.615384615385,16000.0,6000.0,32000.0,7549.128311031033
E Net Production Sp. z o.o.,2,11500.0,11500.0,10000.0,13000.0,2121.3203435596424
E-Instytucja.pl,1,8000.0,8000.0,8000.0,8000.0,
EENGINE Sp. z o.o.,12,10000.0,10000.0,8000.0,12000.0,1705.6057308448837
EG EXTENSA sp. z o.o. sp.k.,2,6750.0,6750.0,4500.0,9000.0,3181.9805153394636
EPAM Systems,3,18472.0,18816.0,15500.0,21100.0,2815.8039704496477
ERLI,1,5000.0,5000.0,5000.0,5000.0,
ERLI S.A.,7,14285.714285714286,15000.0,10000.0,15000.0,1889.8223650461364
EWL powered by SyncHRoner,5,13800.0,15000.0,9000.0,15000.0,2683.281572999748
EXSO,1,10000.0,10000.0,10000.0,10000.0,
Eagle Eye Staffing Solutions,2,21482.0,21482.0,20548.0,22416.0,1320.8754672564708
Eagle Recruitment,7,18957.14285714286,15000.0,4000.0,46700.0,14007.599977971144
EcoChain,4,12000.0,12000.0,12000.0,12000.0,0.0
EcoVadis,8,26500.0,26500.0,25000.0,28000.0,1603.567451474546
Edgeteq,4,12000.0,12000.0,12000.0,12000.0,0.0
Efigence,2,20500.0,20500.0,15000.0,26000.0,7778.174593052023
Egnyte Poland,22,15454.545454545454,16000.0,12000.0,18000.0,1993.4959177349656
Eiffage Polska Serwis,2,10000.0,10000.0,10000.0,10000.0,0.0
Elsewhen,14,14010.0,14010.0,14010.0,14010.0,0.0
Emerge Soft,1,24000.0,24000.0,24000.0,24000.0,
Emersoft LTD,1,12870.0,12870.0,12870.0,12870.0,
Empik,1,21000.0,21000.0,21000.0,21000.0,
Emplo,1,8000.0,8000.0,8000.0,8000.0,
Endava,18,19666.666666666668,19000.0,17000.0,24000.0,2520.5041512504176
Envirly,3,10000.0,10000.0,10000.0,10000.0,0.0
Enxoo,15,15733.333333333334,19000.0,12000.0,19000.0,3614.784456460256
Epicode Sp. z o.o.,2,7000.0,7000.0,5000.0,9000.0,2828.42712474619
Erbis,3,20000.0,20000.0,20000.0,20000.0,0.0
Esotiq & Henderson S.A.,4,15250.0,15500.0,12000.0,18000.0,3201.5621187164247
Espeo Software,2,18180.0,18180.0,14520.0,21840.0,5176.021638285528
Euro-Tax.pl,5,6850.0,6850.0,6850.0,6850.0,0.0
Euvic S.A.,1,20160.0,20160.0,20160.0,20160.0,
Evertz,20,16350.0,16000.0,16000.0,23000.0,1565.2475842498527
Evolution,5,21853.6,27500.0,12768.0,28500.0,8198.668477258976
Ework Group,1,20160.0,20160.0,20160.0,20160.0,
Exact Systems Sp. z o.o.,1,10000.0,10000.0,10000.0,10000.0,
Exadel Poland sp. z o.o.,6,24166.666666666668,25000.0,18000.0,27000.0,3125.1666622224593
Exatel S.A.,2,15000.0,15000.0,15000.0,15000.0,0.0
Execon,3,10000.0,10000.0,10000.0,10000.0,0.0
Exlabs Software Ltd,2,8500.0,8500.0,8000.0,9000.0,707.1067811865476
Exness,2,18680.0,18680.0,18680.0,18680.0,0.0
Experis Manpower Group,26,28993.46153846154,28560.0,5000.0,60480.0,12915.112680052836
FC.APP,1,6000.0,6000.0,6000.0,6000.0,
FELG Software,1,6000.0,6000.0,6000.0,6000.0,
FIBARO,3,16000.0,16000.0,16000.0,16000.0,0.0
FINANTEQ,12,13500.0,13500.0,13500.0,13500.0,0.0
FLOWAIR Sp. z o.o.,3,10000.0,10000.0,10000.0,10000.0,0.0
FORCOM Sp. z o.o.,3,14000.0,14000.0,14000.0,14000.0,0.0
FRIDAY Technology,1,20000.0,20000.0,20000.0,20000.0,
FRU.PL,1,9000.0,9000.0,9000.0,9000.0,
Fabres,7,16800.0,16800.0,16800.0,16800.0,0.0
Falck IT Poland Sp. z o.o.,5,15900.0,16000.0,13500.0,18000.0,1746.4249196572982
Fast White Cat,2,9500.0,9500.0,9000.0,10000.0,707.1067811865476
Fideli Sp. z o. o.,1,10000.0,10000.0,10000.0,10000.0,
FinTech Development Program,4,6000.0,6000.0,6000.0,6000.0,0.0
Finbi,2,16800.0,16800.0,16800.0,16800.0,0.0
Finestmedia,3,20000.0,20000.0,20000.0,20000.0,0.0
Fingoweb,3,7000.0,7000.0,7000.0,7000.0,0.0
Finitec Sp. Z o.o.,1,12800.0,12800.0,12800.0,12800.0,
Finkorp,11,7000.0,7000.0,7000.0,7000.0,0.0
Finteum,1,12000.0,12000.0,12000.0,12000.0,
First Line Software,2,18000.0,18000.0,18000.0,18000.0,0.0
Flaire,2,12550.0,12550.0,10000.0,15100.0,3606.2445840513924
Flying Bisons,2,12000.0,12000.0,12000.0,12000.0,0.0
Flyps,11,20727.272727272728,22000.0,8000.0,22000.0,4221.158824088691
Focus Telecom Polska,1,12000.0,12000.0,12000.0,12000.0,
Focusly Sp. z o.o.,10,16000.0,16000.0,16000.0,16000.0,0.0
Foodsi Sp. z o.o.,1,18000.0,18000.0,18000.0,18000.0,
Formel D,1,13000.0,13000.0,13000.0,13000.0,
Frends,1,12000.0,12000.0,12000.0,12000.0,
Froggly,1,21000.0,21000.0,21000.0,21000.0,
From Poland With Dev,9,19333.333333333332,22500.0,13000.0,22500.0,4750.0
FrontiersMarket,1,17160.0,17160.0,17160.0,17160.0,
Fudo Security,3,13333.333333333334,12000.0,10000.0,18000.0,4163.331998932265
Fujitsu Technology Solutions Sp. z o.o.,16,9196.875,7500.0,6000.0,18000.0,3955.8593145695486
Future Mind,5,12800.0,16000.0,8000.0,16000.0,4381.780460041329
Future Processing,20,23100.0,23300.0,19300.0,23300.0,894.4271909999154
G&L Consulting Group,6,21336.666666666668,20000.0,18000.0,28020.0,3509.995251658707
GAMIVO S.A.,1,6000.0,6000.0,6000.0,6000.0,
GET IT TOGETHER Sp. z o.o.,2,15000.0,15000.0,15000.0,15000.0,0.0
GGS IT Consulting,13,7000.0,7000.0,7000.0,7000.0,0.0
GN,4,25870.0,27620.0,18000.0,30240.0,5799.068890778933
GRUPA TRANSPORTOWA,4,5000.0,5000.0,5000.0,5000.0,0.0
GTV OFFICE,5,7500.0,7500.0,7500.0,7500.0,0.0
GameDev Tube,2,15000.0,15000.0,15000.0,15000.0,0.0
Gamesture Sp. z o.o.,1,8000.0,8000.0,8000.0,8000.0,
GeoComply,3,8000.0,8000.0,8000.0,8000.0,0.0
Geotronics Dystrybucja Sp. z o.o.,7,9571.42857142857,10000.0,9000.0,10000.0,534.5224838248489
GetInData | Part of Xebia,6,20950.0,20100.0,20100.0,25200.0,2082.0662813657013
Gibbs Hybrid Poland,13,23384.615384615383,25000.0,18000.0,25000.0,3069.7030675746023
Giga Techspace,1,18000.0,18000.0,18000.0,18000.0,
Glimpse Analytics,1,32000.0,32000.0,32000.0,32000.0,
Global4net,1,16000.0,16000.0,16000.0,16000.0,
GoWork.pl,1,12000.0,12000.0,12000.0,12000.0,
Goelett,2,20000.0,20000.0,20000.0,20000.0,0.0
Grape Up,15,16380.0,16000.0,12000.0,22000.0,3448.229359292348
Green Cell,2,17500.0,17500.0,15000.0,20000.0,3535.5339059327375
GreenMinds Sp. z o.o.,2,18000.0,18000.0,18000.0,18000.0,0.0
GreenWay Polska,10,12000.0,12000.0,12000.0,12000.0,0.0
Growl,9,8000.0,8000.0,8000.0,8000.0,0.0
Grupa ABS,11,15000.0,15000.0,15000.0,15000.0,0.0
Grupa Blix,1,10000.0,10000.0,10000.0,10000.0,
Grupa Komputronik,1,16000.0,16000.0,16000.0,16000.0,
GuestTek,4,8500.0,8500.0,8500.0,8500.0,0.0
Guestline,1,27553.0,27553.0,27553.0,27553.0,
Guesty Inc,38,25657.894736842107,26000.0,25000.0,26000.0,480.78290821993045
GuideVision Polska,2,11000.0,11000.0,11000.0,11000.0,0.0
HAYS Poland,10,21552.0,22410.0,16000.0,27300.0,3627.2940633786816
HERE Technologies,1,13000.0,13000.0,13000.0,13000.0,
HL Tech,35,13414.285714285714,13000.0,7000.0,19500.0,4916.188316472957
HR Bank / Headhunting Agency,24,20913.333333333332,21000.0,15900.0,25000.0,2778.0547881201155
HR GO Recruitment Poland,1,8000.0,8000.0,8000.0,8000.0,
HSBC Service Delivery,80,19375.0,19000.0,9000.0,26000.0,2630.757699969607
HTD,1,5000.0,5000.0,5000.0,5000.0,
Haddad Brands,18,14083.333333333334,14000.0,14000.0,15500.0,353.5533905932738
Halfing&Petersen,8,21750.0,22000.0,18000.0,26000.0,2866.0575211055548
"Halo Radius, Inc.",1,17160.0,17160.0,17160.0,17160.0,
Handsoncode Sp. z o.o.,2,21000.0,21000.0,21000.0,21000.0,0.0
Happy Team,1,27000.0,27000.0,27000.0,27000.0,
Harbingers,1,8400.0,8400.0,8400.0,8400.0,
Hardware Direct,2,11250.0,11250.0,7500.0,15000.0,5303.300858899106
Harman Connected Services,67,17146.268656716416,16000.0,5500.0,25000.0,4505.5631726219935
Helpfind,1,5500.0,5500.0,5500.0,5500.0,
Hempel Paints,7,14000.0,14000.0,14000.0,14000.0,0.0
Heretto,21,14000.0,14000.0,14000.0,14000.0,0.0
HexOcean sp z.o.o.,4,11000.0,12500.0,4000.0,15000.0,5228.129047119373
HiQo Solutions,2,16516.5,16516.5,13299.0,19734.0,4550.232136935433
HireOne IT Recruitment,6,26333.333333333332,27000.0,20000.0,30000.0,3326.65998663324
Hostersi,3,13000.0,9000.0,9000.0,21000.0,6928.203230275509
House of Angular,3,12000.0,10000.0,5000.0,21000.0,8185.35277187245
Housecall Pro,1,36465.0,36465.0,36465.0,36465.0,
Human Group,1,20000.0,20000.0,20000.0,20000.0,
Human4Human Recruitment,9,18444.444444444445,16000.0,10000.0,23000.0,4719.934086168765
Hypatos.ai,18,22000.0,22000.0,22000.0,22000.0,0.0
IDO Electronics,2,8000.0,8000.0,8000.0,8000.0,0.0
IFIRMA S.A.,4,5500.0,5500.0,5500.0,5500.0,0.0
IMS sensory media,1,7000.0,7000.0,7000.0,7000.0,
IN Team,9,19133.333333333332,18480.0,5880.0,26880.0,6872.845116834803
INELO Polska,3,12000.0,12000.0,12000.0,12000.0,0.0
INFOBIP,2,14500.0,14500.0,12000.0,17000.0,3535.5339059327375
ING Bank Śląski,1,10000.0,10000.0,10000.0,10000.0,
INPROX,4,8000.0,8000.0,8000.0,8000.0,0.0
INSIGHT,38,24671.052631578947,22000.0,18500.0,28000.0,3280.318697003661
INVO Technologies,1,5000.0,5000.0,5000.0,5000.0,
IT Squad,3,10000.0,10000.0,10000.0,10000.0,0.0
IT360,1,17000.0,17000.0,17000.0,17000.0,
ITDS,67,17611.194029850747,18900.0,8000.0,24000.0,3463.6513061901765
ITFS,7,18234.285714285714,19300.0,11760.0,20200.0,2897.808695910625
ITFS ,4,13440.0,13440.0,13440.0,13440.0,0.0
ITLT,10,24549.0,23860.0,14000.0,35000.0,6529.908030660837
ITMAGINATION,11,16363.636363636364,16000.0,16000.0,20000.0,1206.0453783110543
ITTI,3,10000.0,10000.0,10000.0,10000.0,0.0
ITligent,33,24634.969696969696,25000.0,22000.0,28954.0,1107.3188476238588
Ice Code Games,10,5000.0,5000.0,5000.0,5000.0,0.0
Idego,4,21750.0,21000.0,20000.0,25000.0,2362.9078131263045
Ignite Procurement,4,21015.0,21015.0,21015.0,21015.0,0.0
Incubly,1,26600.0,26600.0,26600.0,26600.0,
Infakt,1,16000.0,16000.0,16000.0,16000.0,
Infinite,19,14600.0,14600.0,14600.0,14600.0,0.0
InfiniteDATA,2,12500.0,12500.0,10000.0,15000.0,3535.5339059327375
Infogain,72,19662.5,20000.0,14200.0,26000.0,4493.012963809226
Infoprojekt sp. z o. o. ,12,7000.0,7000.0,7000.0,7000.0,0.0
Infoprojekt sp. z o. o. enterprise,1,7000.0,7000.0,7000.0,7000.0,
Infopulse,3,17700.0,17700.0,17700.0,17700.0,0.0
Infor,1,19000.0,19000.0,19000.0,19000.0,
Informatica Polska Sp. z o.o.,1,9000.0,9000.0,9000.0,9000.0,
InfraByte,1,20000.0,20000.0,20000.0,20000.0,
Inhabit,4,16000.0,16000.0,16000.0,16000.0,0.0
Inkubit,1,9340.0,9340.0,9340.0,9340.0,
Inn4tech Recruitment,4,11625.0,11625.0,8000.0,15250.0,4185.789451624787
Innovation Software,2,6050.0,6050.0,4000.0,8100.0,2899.137802864845
Innovation Software Sp. z o.o.,3,17000.0,17000.0,17000.0,17000.0,0.0
Inspeerity,8,16800.0,20000.0,7200.0,22000.0,6020.91592462713
Insys Video Technologies,8,18000.0,18000.0,18000.0,18000.0,0.0
Integral Solutions,1,25000.0,25000.0,25000.0,25000.0,
Inter Cars S.A.,5,15080.0,14100.0,14100.0,19000.0,2191.346617949794
Internetum Polska,1,18000.0,18000.0,18000.0,18000.0,
Inuits,2,16470.0,16470.0,16000.0,16940.0,664.6803743153547
Isolution,4,21750.0,21000.0,21000.0,24000.0,1500.0
Itera,8,24050.5,24050.5,23350.0,24751.0,748.8659998386129
Iver Polska,10,12000.0,12000.0,12000.0,12000.0,0.0
Ivision.pl,1,8000.0,8000.0,8000.0,8000.0,
JSS associates,3,29421.0,29421.0,29421.0,29421.0,0.0
Jakdojade (City-nav Sp. z o.o.),19,10000.0,10000.0,10000.0,10000.0,0.0
JellyTech Sp. z o.o.,3,12000.0,12000.0,12000.0,12000.0,0.0
Jit Team,1,9600.0,9600.0,9600.0,9600.0,
JohnnyBros,1,7200.0,7200.0,7200.0,7200.0,
Jolera,1,12000.0,12000.0,12000.0,12000.0,
KALASOFT,1,11000.0,11000.0,11000.0,11000.0,
KLDiscovery,2,11500.0,11500.0,11000.0,12000.0,707.1067811865476
KLG Solutions Sp. z o.o.,7,10000.0,10000.0,10000.0,10000.0,0.0
KMD Poland,4,18225.0,23500.0,2400.0,23500.0,10550.0
KODLAND,10,3500.0,3500.0,3500.0,3500.0,0.0
KPMG,8,8775.0,9700.0,6000.0,9700.0,1712.7671845792202
KRYPTON Polska,2,9000.0,9000.0,9000.0,9000.0,0.0
KUBO,7,13214.285714285714,14000.0,8000.0,17000.0,3339.87453428447
Kainos,22,23181.81818181818,25000.0,11000.0,25000.0,4686.722518494983
Kalepa,5,38610.0,38610.0,38610.0,38610.0,0.0
Kaliop Poland,1,20000.0,20000.0,20000.0,20000.0,
Kaseya,10,21400.0,21000.0,10000.0,30000.0,6467.010300148147
Kearney,5,13600.0,10000.0,9500.0,21000.0,5493.177586788907
Keen Software House,1,23440.0,23440.0,23440.0,23440.0,
Keyloop,6,23500.0,23500.0,10000.0,37000.0,14788.509052639485
Kingit,1,9000.0,9000.0,9000.0,9000.0,
Kitopi,5,20200.0,20000.0,17000.0,22000.0,2049.39015319192
Klika Tech sp. z o.o.,4,19450.0,18740.0,18480.0,21840.0,1612.079402510931
Knowit Poland sp. z o.o. ,19,20160.0,20160.0,20160.0,20160.0,0.0
Kongsberg Maritime Poland Sp. z  o.o.,4,8000.0,9000.0,5000.0,9000.0,2000.0
Krakow Direct,5,16000.0,16000.0,16000.0,16000.0,0.0
Kredyt Inkaso,1,9000.0,9000.0,9000.0,9000.0,
L2BEAT,2,24000.0,24000.0,23000.0,25000.0,1414.213562373095
L2Beat,1,15000.0,15000.0,15000.0,15000.0,
LLInformatics ,10,12000.0,12000.0,12000.0,12000.0,0.0
LSJ HR Group,4,7000.0,7000.0,7000.0,7000.0,0.0
LTIMindtree,1,20000.0,20000.0,20000.0,20000.0,
Laurens Coster Sp. z o.o.,11,9545.454545454546,11000.0,7000.0,11000.0,2018.099916438052
Lead Investments Sp. z o.o.,4,8000.0,8000.0,8000.0,8000.0,0.0
LegalZoom,2,22500.0,22500.0,20000.0,25000.0,3535.5339059327375
Lekta AI,1,6000.0,6000.0,6000.0,6000.0,
Lemisoft,11,12000.0,12000.0,12000.0,12000.0,0.0
LeoVegas,2,15000.0,15000.0,14000.0,16000.0,1414.213562373095
Lerta,3,12500.0,12500.0,12500.0,12500.0,0.0
Let's automate,1,10000.0,10000.0,10000.0,10000.0,
Ligo Headhunters,8,21690.625,18500.0,10000.0,32175.0,9171.587897064031
Limango Polska,21,16761.904761904763,17000.0,14000.0,17000.0,768.4244858645466
Lingventa sp. z o.o.,1,10000.0,10000.0,10000.0,10000.0,
Link Group,9,15760.0,13000.0,10000.0,25000.0,5167.049448186073
Lionbridge,1,25000.0,25000.0,25000.0,25000.0,
LiveChat Software SA,10,16400.0,17000.0,14500.0,20000.0,1867.85676348292
LiveKid,3,14000.0,14000.0,14000.0,14000.0,0.0
Lottomerkury Sp. z o.o.,1,30000.0,30000.0,30000.0,30000.0,
Lunching.pl,1,17000.0,17000.0,17000.0,17000.0,
Luxdone,5,19000.0,19000.0,19000.0,19000.0,0.0
Luxoft Poland,8,16125.0,15000.0,15000.0,18000.0,1552.6475085202972
MAN Trucks Sp. z o.o.,4,10000.0,10000.0,6000.0,14000.0,3651.4837167011074
MANGOPAY,1,17000.0,17000.0,17000.0,17000.0,
MAXTO,1,10000.0,10000.0,10000.0,10000.0,
MAZAJ Poland,1,19800.0,19800.0,19800.0,19800.0,
MEV,3,12870.0,12870.0,12870.0,12870.0,0.0
MH Sp. z o.o.,1,12000.0,12000.0,12000.0,12000.0,
MM Packaging Polska Sp.z o.o.,2,9000.0,9000.0,9000.0,9000.0,0.0
MPC,3,14000.0,14000.0,13000.0,15000.0,1000.0
MUSCODE Sp. z o. o.,1,4000.0,4000.0,4000.0,4000.0,
Macopedia,8,11125.0,11000.0,11000.0,12000.0,353.55339059327383
Macrix Technology Group,9,16000.0,15500.0,15500.0,20000.0,1500.0
Marcel S.A.,1,6000.0,6000.0,6000.0,6000.0,
March Networks Poland ,1,16000.0,16000.0,16000.0,16000.0,
Margo,12,16833.333333333332,16000.0,16000.0,21000.0,1946.2473604038069
Master Care sp.z o.o.,1,20000.0,20000.0,20000.0,20000.0,
Master of Code Global,10,10725.0,10725.0,10725.0,10725.0,0.0
MasterBorn Sp. z o.o.,23,13739.130434782608,11000.0,8000.0,17000.0,3250.4180333157683
Match-Trade Technologies,3,13000.0,15000.0,5500.0,18500.0,6726.812023536855
Maxio,1,18000.0,18000.0,18000.0,18000.0,
Mc COMP S.A.,9,12444.444444444445,12000.0,11000.0,14000.0,1509.2308563562362
Meant4.com,1,18000.0,18000.0,18000.0,18000.0,
Measure Studio,1,19305.0,19305.0,19305.0,19305.0,
Media4U,2,10650.0,10650.0,8000.0,13300.0,3747.6659402887017
Medidesk,1,20000.0,20000.0,20000.0,20000.0,
Medius,1,14500.0,14500.0,14500.0,14500.0,
Medpace,12,14666.666666666666,14000.0,14000.0,21000.0,2015.0945537631876
Meritus Systemy Informatyczne,1,10000.0,10000.0,10000.0,10000.0,
Merixstudio,4,11500.0,11250.0,8000.0,15500.0,3582.364210034113
Mikronika,2,7500.0,7500.0,7500.0,7500.0,0.0
Mindbox,25,28128.0,30000.0,25200.0,32000.0,2722.058044935853
Miquido,9,15100.0,13400.0,11700.0,20200.0,3895.1893407124644
Mobile Labs,1,11000.0,11000.0,11000.0,11000.0,
Mobile Reality,2,14000.0,14000.0,12000.0,16000.0,2828.42712474619
Mobile Vikings,21,12619.047619047618,13000.0,8000.0,13000.0,1244.0333788202984
Montrose Software (Polska) Sp.z.o.o,4,21400.0,21400.0,21400.0,21400.0,0.0
Mood Up Team,1,12000.0,12000.0,12000.0,12000.0,
Motorola Solutions,1,10000.0,10000.0,10000.0,10000.0,
Mudita,7,20857.14285714286,24000.0,10000.0,24000.0,5145.5019654248
Murka,19,9340.0,9340.0,9340.0,9340.0,0.0
N-iX,27,19124.296296296296,17160.0,8580.0,34320.0,7381.791542056059
NATEK,5,20200.0,19500.0,15000.0,28500.0,5179.285665031424
NFQ,7,17085.714285714286,17200.0,14000.0,20000.0,2451.8214803342785
Nais,2,6500.0,6500.0,5000.0,8000.0,2121.3203435596424
Nanores,1,13200.0,13200.0,13200.0,13200.0,
NaviParking,31,15322.58064516129,17000.0,12000.0,20000.0,2561.0817606914143
Navigal Sp. z o.o.,3,12000.0,12000.0,12000.0,12000.0,0.0
Neo-vinci Sp. z o.o.,1,5000.0,5000.0,5000.0,5000.0,
Neontri,14,17622.85714285714,18000.0,10000.0,23520.0,3189.394513483298
Net Innovation Software,3,5500.0,6000.0,4500.0,6000.0,866.0254037844386
Netcompany Poland,4,13500.0,14000.0,9000.0,17000.0,4123.105625617661
Netguru,25,16800.0,16800.0,16800.0,16800.0,0.0
Nethone,6,14666.666666666666,15000.0,13000.0,15000.0,816.496580927726
NetworkedAssets,1,20000.0,20000.0,20000.0,20000.0,
NeuroSYS,15,11600.0,11000.0,6000.0,17000.0,3906.0392800307136
New-Invest IT,1,15000.0,15000.0,15000.0,15000.0,
Nexio Management,6,16833.333333333332,17000.0,16000.0,18000.0,752.7726527090811
Next Technology Professionals,6,25340.0,26880.0,21000.0,26880.0,2515.329004325279
NiceProject,3,18000.0,18000.0,18000.0,18000.0,0.0
NoA Ignite (formerly Making Waves),1,12800.0,12800.0,12800.0,12800.0,
Noctuai,5,12600.0,12000.0,12000.0,15000.0,1341.640786499874
Nomtek,1,13000.0,13000.0,13000.0,13000.0,
Norbsoft,1,16000.0,16000.0,16000.0,16000.0,
Nord Security,1,16819.0,16819.0,16819.0,16819.0,
NordHR,2,8000.0,8000.0,8000.0,8000.0,0.0
Nordea,8,11162.5,13250.0,6150.0,15000.0,3527.1143608175958
Nordic Services sp. z o.o.,1,20000.0,20000.0,20000.0,20000.0,
Nortal,5,26100.0,27500.0,24000.0,27500.0,1917.0289512680815
North.pl,1,5000.0,5000.0,5000.0,5000.0,
NorthGravity,1,18000.0,18000.0,18000.0,18000.0,
Northmill Bank AB,1,17000.0,17000.0,17000.0,17000.0,
Northpass,3,10000.0,5000.0,5000.0,20000.0,8660.254037844386
Nova Tracking,1,12000.0,12000.0,12000.0,12000.0,
Ntiative,30,29000.0,29000.0,29000.0,29000.0,0.0
OChK,2,14500.0,14500.0,13000.0,16000.0,2121.3203435596424
OKTAN ENERGY & V/L SERVICE sp. z o.o.,1,7000.0,7000.0,7000.0,7000.0,
OSOM STUDIO,2,9000.0,9000.0,9000.0,9000.0,0.0
OUTWORKING S.A>,2,5000.0,5000.0,5000.0,5000.0,0.0
Oakfusion,1,22000.0,22000.0,22000.0,22000.0,
Objectivity,14,16322.857142857143,16500.0,6000.0,30240.0,5471.9402670089785
Ocado Technology,2,8000.0,8000.0,8000.0,8000.0,0.0
Odrabiamy.pl,10,14000.0,14000.0,14000.0,14000.0,0.0
Oferteo,1,12000.0,12000.0,12000.0,12000.0,
Omada Poland,3,21013.333333333332,21840.0,16000.0,25200.0,4655.37681969283
Omega Code,1,16500.0,16500.0,16500.0,16500.0,
Onwelo S.A.,2,18900.0,18900.0,18900.0,18900.0,0.0
Onwelo Sp. z o.o.,31,14009.677419354839,14000.0,10000.0,18000.0,2023.9573181780422
Open Loyalty,3,6000.0,6000.0,6000.0,6000.0,0.0
Opera Software,6,14000.0,13500.0,12000.0,17000.0,1788.854381999832
Oponeo.pl,2,7950.0,7950.0,5900.0,10000.0,2899.137802864845
OpsTalent,4,15500.0,16500.0,9000.0,20000.0,4795.83152331272
Optifly,1,21015.0,21015.0,21015.0,21015.0,
Optineo,1,12000.0,12000.0,12000.0,12000.0,
Optiveum,6,20500.0,20000.0,17000.0,28000.0,4037.32584763727
Order Group,24,17000.0,18000.0,12000.0,18000.0,2284.1609628806427
Ordersoft sp. z o.o.,2,10000.0,10000.0,10000.0,10000.0,0.0
Orsted,2,17000.0,17000.0,17000.0,17000.0,0.0
Orteh Sp. z o.o.,1,18500.0,18500.0,18500.0,18500.0,
P&P Solutions,3,16666.666666666668,16000.0,14000.0,20000.0,3055.0504633038936
PCMI,1,30000.0,30000.0,30000.0,30000.0,
PCSS,8,8000.0,8000.0,8000.0,8000.0,0.0
PDA IT Solutions,1,8000.0,8000.0,8000.0,8000.0,
PKO BP Finat,4,10250.0,9000.0,9000.0,14000.0,2500.0
PN standard,3,12000.0,12000.0,12000.0,12000.0,0.0
POLSKIE ePŁATNOŚCI S.A.,6,9833.333333333334,9000.0,7000.0,15000.0,2714.1603981096378
PPM,11,5545.454545454545,5500.0,5500.0,6000.0,150.75567228888184
PRINTU,2,10000.0,10000.0,10000.0,10000.0,0.0
PRO MAGIS SP Z O O,1,5500.0,5500.0,5500.0,5500.0,
PRP Poland,1,10000.0,10000.0,10000.0,10000.0,
PTEROIS sp. z o.o.,1,18000.0,18000.0,18000.0,18000.0,
PWPW S.A,1,5000.0,5000.0,5000.0,5000.0,
Palapa Technologies,2,14000.0,14000.0,14000.0,14000.0,0.0
Pan Express sp. z o.o. sp. k.,1,5000.0,5000.0,5000.0,5000.0,
Panda Group,1,11000.0,11000.0,11000.0,11000.0,
Payarto,10,10000.0,10000.0,10000.0,10000.0,0.0
Paymento Financial S.A.,1,10000.0,10000.0,10000.0,10000.0,
Paymentology,1,21450.0,21450.0,21450.0,21450.0,
PeakData,70,28934.420000000002,28244.16,10199.28,35025.0,6193.197423809777
People More,40,18000.0,18000.0,16000.0,20000.0,2025.4787341673332
PeopleTrust Sp. z o.o.,29,22709.862068965518,21840.0,13850.0,31050.0,5297.776405006012
Perfect Gym Solutions,2,8500.0,8500.0,5000.0,12000.0,4949.747468305833
Performance Media,1,11000.0,11000.0,11000.0,11000.0,
PharmaPartner (Program Kariera),1,3600.0,3600.0,3600.0,3600.0,
Piwik PRO,4,14000.0,13000.0,10000.0,20000.0,4898.979485566356
Platige Image,1,14000.0,14000.0,14000.0,14000.0,
Playbook Engineering,9,17000.0,20000.0,11000.0,20000.0,4500.0
Plenti,59,20966.101694915254,20000.0,12000.0,24000.0,2566.132886169349
Pointpack,2,11800.0,11800.0,11600.0,12000.0,282.842712474619
Polar Night Software,20,14000.0,14000.0,14000.0,14000.0,0.0
Polcode,8,12500.0,11000.0,11000.0,17000.0,2777.460299317654
PragmaGO.tech,1,12000.0,12000.0,12000.0,12000.0,
Pragmatic Coders,1,27300.0,27300.0,27300.0,27300.0,
Pragmile,7,19845.714285714286,20160.0,18480.0,23000.0,1624.8780173996358
Predica Sp. z o.o.,33,18389.39393939394,16750.0,11350.0,22700.0,3033.6332789597564
Pretius,1,11700.0,11700.0,11700.0,11700.0,
Primaris,14,20619.85714285714,20080.0,10000.0,29000.0,4799.06306331916
Printbox,6,7000.0,7000.0,6000.0,8000.0,1095.4451150103323
Procter & Gamble,28,8350.0,8350.0,7700.0,9000.0,661.9276003825106
Product Brew,2,10000.0,10000.0,6000.0,14000.0,5656.85424949238
Product Madness,29,15336.689655172413,16000.0,12000.0,23500.0,2837.769963286669
Profil Software,1,5000.0,5000.0,5000.0,5000.0,
Prognetics,1,15120.0,15120.0,15120.0,15120.0,
Program Kariera: staż w deepsense.ai,1,4500.0,4500.0,4500.0,4500.0,
Program Kariera: staż w firmie Żabka,3,4000.0,4000.0,4000.0,4000.0,0.0
Property Group Sp. z o.o.,1,15000.0,15000.0,15000.0,15000.0,
Prowly.com,1,13000.0,13000.0,13000.0,13000.0,
Przelewy24,11,7818.181818181818,8000.0,6000.0,8000.0,603.0226891555272
PubNub,19,23300.0,23300.0,23300.0,23300.0,0.0
Punkta Pro,9,10000.0,10000.0,10000.0,10000.0,0.0
QATestLab,6,6435.0,6435.0,6435.0,6435.0,0.0
QBICO Sp. z o.o.,9,10000.0,10000.0,10000.0,10000.0,0.0
QED Software,3,11000.0,12000.0,9000.0,12000.0,1732.0508075688772
QTF (ex. QualityTaskForce),3,18000.0,18000.0,18000.0,18000.0,0.0
Qodeca,1,18000.0,18000.0,18000.0,18000.0,
Quad IT Global Solutions,21,6047.619047619048,7000.0,5000.0,7000.0,1023.5326314383176
QualityMinds,11,24436.363636363636,25200.0,16800.0,25200.0,2532.6952944532145
Quantum,1,8000.0,8000.0,8000.0,8000.0,
QuarticON SA,2,14000.0,14000.0,13000.0,15000.0,1414.213562373095
RD Projekt,1,22200.0,22200.0,22200.0,22200.0,
RESPECT ENERGY (Program Kariera),1,6000.0,6000.0,6000.0,6000.0,
RMEdison Sp. z o.o.,1,16800.0,16800.0,16800.0,16800.0,
RPO Partners Sp. z o.o.,2,14000.0,14000.0,12000.0,16000.0,2828.42712474619
RST sp. z o.o. sp.k.,3,8000.0,8000.0,8000.0,8000.0,0.0
RTCLab Sp. z o.o.,1,8000.0,8000.0,8000.0,8000.0,
Ragnarson,19,8500.0,8500.0,8500.0,8500.0,0.0
Raiffeisen Bank International,1,24000.0,24000.0,24000.0,24000.0,
Raiffeisen Bank International AG,2,21000.0,21000.0,18000.0,24000.0,4242.640687119285
Rainbow Tours S.A.,1,8000.0,8000.0,8000.0,8000.0,
Ramp Network,7,16428.571428571428,12000.0,7000.0,27000.0,7452.228813295676
Randstad Polska Sp. z o.o.,2,12000.0,12000.0,12000.0,12000.0,0.0
ReadyCode.io,2,24500.0,24500.0,24000.0,25000.0,707.1067811865476
Real Recruitment Solutions,3,6800.0,6800.0,6800.0,6800.0,0.0
Recruitee,3,18000.0,18000.0,18000.0,18000.0,0.0
Recursive,2,31500.0,31500.0,27000.0,36000.0,6363.961030678927
RedCompass Labs,2,23000.0,23000.0,23000.0,23000.0,0.0
Reef Technologies,2,43680.0,43680.0,32760.0,54600.0,15443.212101114197
Reffine,1,12000.0,12000.0,12000.0,12000.0,
Relia Sol,4,16000.0,16000.0,16000.0,16000.0,0.0
Reliant Safety LLC,2,19305.0,19305.0,19305.0,19305.0,0.0
Remitly,4,27500.0,27500.0,25000.0,30000.0,2886.7513459481283
Rentals United,3,19200.0,19200.0,19200.0,19200.0,0.0
Reply,111,17405.405405405407,15000.0,12000.0,22000.0,4481.027435712362
Reply_multi,1,22000.0,22000.0,22000.0,22000.0,
Rescompany Systems,3,18000.0,18000.0,18000.0,18000.0,0.0
Research.com,41,18975.60975609756,18000.0,18000.0,20000.0,1012.1216546949455
Respect Energy,14,20000.0,20000.0,15000.0,25000.0,5188.745216627705
Retailic,1,8500.0,8500.0,8500.0,8500.0,
Revolut,1,13000.0,13000.0,13000.0,13000.0,
Robotec.ai,1,18000.0,18000.0,18000.0,18000.0,
Rocksoft,1,12000.0,12000.0,12000.0,12000.0,
Royal Gambit Sp. z o.o.,57,11666.666666666666,10000.0,10000.0,15000.0,2377.9743280283546
Rumble Fish Software Development,1,9000.0,9000.0,9000.0,9000.0,
S&P Global,8,15312.5,17750.0,10000.0,18000.0,3690.600996353536
SAFETEC Sp. z o.o.,1,8500.0,8500.0,8500.0,8500.0,
SANDS Partners,1,18000.0,18000.0,18000.0,18000.0,
SAVENTIC HEALTH sp. z o.o.,2,10000.0,10000.0,10000.0,10000.0,0.0
SETH SOFTWARE sp. z o.o.,11,7000.0,7000.0,7000.0,7000.0,0.0
SHIFTR,1,6000.0,6000.0,6000.0,6000.0,
SILENT EIGHT,5,15400.0,11000.0,11000.0,22000.0,6024.948132556828
SKYCASH POLAND S.A.,2,10000.0,10000.0,8000.0,12000.0,2828.42712474619
SOFLAB TECHNOLOGY,1,16800.0,16800.0,16800.0,16800.0,
SOFTIQ,1,12000.0,12000.0,12000.0,12000.0,
SOLEX B2B,6,7000.0,8000.0,5000.0,8000.0,1549.1933384829667
SPEEDNET,6,14416.666666666666,15000.0,11500.0,15000.0,1428.8690166235206
SPOC S.A.,2,10750.0,10750.0,4500.0,17000.0,8838.834764831845
STATSCORE Sp. z o.o.,31,22412.90322580645,24000.0,19200.0,24000.0,2263.881907327012
STEPWISE,8,16050.0,16800.0,10800.0,16800.0,2121.3203435596424
STS,3,11000.0,10000.0,10000.0,13000.0,1732.0508075688772
STX Next,4,17960.0,17960.0,17960.0,17960.0,0.0
SYSTEGRA,2,5950.0,5950.0,5600.0,6300.0,494.9747468305833
SZOLC Sport Academy & Store,1,42030.0,42030.0,42030.0,42030.0,
Sagenso,2,5500.0,5500.0,5000.0,6000.0,707.1067811865476
Sages,2,9500.0,9500.0,8000.0,11000.0,2121.3203435596424
Sastrify,9,18680.0,18680.0,18680.0,18680.0,0.0
Satim,1,12000.0,12000.0,12000.0,12000.0,
Satisfly,1,13000.0,13000.0,13000.0,13000.0,
Savangard Sp. z o.o.,1,10000.0,10000.0,10000.0,10000.0,
Scalaric,4,18000.0,18000.0,18000.0,18000.0,0.0
Scalo,8,21635.0,21000.0,17500.0,27500.0,3384.7515207386873
Scenifi,2,24000.0,24000.0,24000.0,24000.0,0.0
Schibsted,10,14580.0,17100.0,5000.0,25800.0,7131.432768619034
Sdncenter,1,14000.0,14000.0,14000.0,14000.0,
Sdncenter Sp. z o.o.,2,15000.0,15000.0,15000.0,15000.0,0.0
Sedivio,4,14500.0,16000.0,10000.0,16000.0,3000.0
SellIntegro,1,9000.0,9000.0,9000.0,9000.0,
Selleo,1,5600.0,5600.0,5600.0,5600.0,
Semantive,1,20000.0,20000.0,20000.0,20000.0,
Senovo -It,3,30000.0,30000.0,30000.0,30000.0,0.0
Senovo-it,1,20000.0,20000.0,20000.0,20000.0,
Sente,3,7466.666666666667,7000.0,7000.0,8400.0,808.2903768654762
Sentione,1,12000.0,12000.0,12000.0,12000.0,
Setapp,24,15000.0,15500.0,11000.0,35000.0,5166.783542390086
Sevenet S.A.,10,8000.0,8000.0,8000.0,8000.0,0.0
Severalnines,5,18680.0,18680.0,18680.0,18680.0,0.0
Shaped Thoughts,21,27000.0,27000.0,27000.0,27000.0,0.0
Shapespark,1,21840.0,21840.0,21840.0,21840.0,
Shelf,1,25740.0,25740.0,25740.0,25740.0,
ShiftKey,1,20000.0,20000.0,20000.0,20000.0,
Shoper S.A.,1,11000.0,11000.0,11000.0,11000.0,
Sideways 6,1,21280.0,21280.0,21280.0,21280.0,
Siepomaga.pl,7,16428.571428571428,14000.0,13000.0,20000.0,3359.421718944242
Sigma IT Poland,52,18605.384615384617,18480.0,7000.0,24000.0,4364.6640198339655
Sigmoidal,4,27456.0,27456.0,27456.0,27456.0,0.0
Sii,22,18590.909090909092,19000.0,16000.0,19000.0,1053.7502599713132
Silevis Software,2,15500.0,15500.0,11000.0,20000.0,6363.961030678927
Silvair,1,10000.0,10000.0,10000.0,10000.0,
Simplicity Recruitment,4,25250.0,24500.0,22000.0,30000.0,3593.9764421413042
Simply Talented,7,22416.0,22416.0,22416.0,22416.0,0.0
SimplyVision GmbH,4,29888.0,29888.0,29888.0,29888.0,0.0
Skillspark,21,24499.965714285714,25200.0,12800.0,34520.64,6198.315026602448
SmartBear,27,18000.0,19000.0,8000.0,21000.0,3700.3118371709825
SmartRecruiters Inc.,5,24600.0,24500.0,24500.0,25000.0,223.60679774997922
SmartWays Recruitment,2,12000.0,12000.0,9000.0,15000.0,4242.640687119285
Smartheads,1,8000.0,8000.0,8000.0,8000.0,
Smarttech247,1,15000.0,15000.0,15000.0,15000.0,
Smultron sp. z o.o.,1,9000.0,9000.0,9000.0,9000.0,
Snigel,4,16000.0,16000.0,16000.0,16000.0,0.0
Snowflake,9,32222.222222222223,35000.0,25000.0,35000.0,3632.4157862838947
Sofomo,10,12200.0,14000.0,7000.0,14000.0,2859.6814119369624
SoftKraft,2,17950.0,17950.0,16800.0,19100.0,1626.3455967290593
SoftPos.eu,4,14000.0,14000.0,14000.0,14000.0,0.0
SoftServe,6,15250.0,15250.0,10500.0,20000.0,5203.364296299078
Softax,4,5750.0,6000.0,5000.0,6000.0,499.9999999999999
Softline Sp. z o.o.,1,11000.0,11000.0,11000.0,11000.0,
Software Interactive Sp. z o.o.,38,12000.0,12000.0,11500.0,12500.0,506.71170970953136
Software Mansion,1,20000.0,20000.0,20000.0,20000.0,
Software-House.eu,10,13000.0,13000.0,13000.0,13000.0,0.0
SoftwareHut Sp. z o.o.,3,11666.666666666666,12000.0,11000.0,12000.0,577.3502691896259
Softwareact,4,19000.0,19000.0,19000.0,19000.0,0.0
Soldevelo,1,6000.0,6000.0,6000.0,6000.0,
Sollers Consulting Sp. z.o.o,14,10718.57142857143,10266.0,7300.0,14500.0,1691.5794037292128
Solwit SA,1,14000.0,14000.0,14000.0,14000.0,
SonarHome S. A.,10,25000.0,25000.0,25000.0,25000.0,0.0
Soonly Finance,1,16000.0,16000.0,16000.0,16000.0,
Sopra Steria,14,16928.571428571428,16000.0,13000.0,25000.0,3604.7892441175395
Splunk,77,19155.844155844155,18000.0,14000.0,27000.0,4042.748332589624
Sport Alliance GmbH,5,20800.0,20000.0,20000.0,22000.0,1095.4451150103323
Sportradar,2,21500.0,21500.0,18000.0,25000.0,4949.747468305833
SpotOn,2,22000.0,22000.0,22000.0,22000.0,0.0
Spyrosoft,7,22322.85714285714,22680.0,18480.0,29400.0,3653.3898153437094
Square One,3,21133.333333333332,18400.0,18000.0,27000.0,5084.617324178225
Squiz,1,15000.0,15000.0,15000.0,15000.0,
Star Beta Poland,1,15000.0,15000.0,15000.0,15000.0,
Starburst,10,30000.0,30000.0,30000.0,30000.0,0.0
Startup Development House,10,11985.0,8925.0,8400.0,18000.0,4427.442828541099
StepStone Services,10,11300.0,11500.0,9000.0,14000.0,1418.1364924121767
Stonly,1,20000.0,20000.0,20000.0,20000.0,
Stowarzyszenie Filmowców Polskich,1,20000.0,20000.0,20000.0,20000.0,
StratsLab,18,19888.88888888889,20000.0,18000.0,20000.0,471.40452079103164
Studio Software,3,9333.333333333334,8000.0,6000.0,14000.0,4163.331998932265
Sunscrapers,1,20000.0,20000.0,20000.0,20000.0,
Sunscrapers ,2,30000.0,30000.0,30000.0,30000.0,0.0
SuperControl,1,6500.0,6500.0,6500.0,6500.0,
Superdevs,2,25000.0,25000.0,25000.0,25000.0,0.0
Supermetrics,5,21000.0,21000.0,21000.0,21000.0,0.0
Surveily Sp. z.o. o.,2,8000.0,8000.0,8000.0,8000.0,0.0
Survicate,7,16142.857142857143,14000.0,14000.0,19000.0,2672.612419124244
SwingDev,5,15200.0,16000.0,12000.0,16000.0,1788.854381999832
Swyply,8,16000.0,16000.0,16000.0,16000.0,0.0
Sylvamo,2,14500.0,14500.0,14500.0,14500.0,0.0
Synergy Sports,9,18222.222222222223,18000.0,18000.0,20000.0,666.6666666666664
Synerise,8,15437.5,18000.0,4500.0,20000.0,5486.590796790715
System Verification,2,55250.0,55250.0,20500.0,90000.0,49143.92129246506
Szkoła w Chmurze,4,9250.0,8000.0,7000.0,14000.0,3201.5621187164243
TECTOCOM,1,6000.0,6000.0,6000.0,6000.0,
TKH Technology,20,15000.0,15000.0,10000.0,20000.0,5129.891760425771
TSS,2,12000.0,12000.0,8000.0,16000.0,5656.85424949238
Talentuno,1,13000.0,13000.0,13000.0,13000.0,
Talpa Soft,2,8750.0,8750.0,5000.0,12500.0,5303.300858899106
Tamago,1,7000.0,7000.0,7000.0,7000.0,
Team Up,6,27258.666666666668,29888.0,19000.0,29888.0,4493.567076017301
TeamQuest,3,13333.333333333334,15000.0,8000.0,17000.0,4725.815626252608
Tebim,1,8000.0,8000.0,8000.0,8000.0,
Technicus,1,15000.0,15000.0,15000.0,15000.0,
Tesco Technology,9,23888.88888888889,24000.0,20000.0,31000.0,3620.926830400073
The Codest,4,15250.0,15500.0,14000.0,16000.0,957.427107756338
The Dots Connected,2,18060.0,18060.0,15120.0,21000.0,4157.787873376899
The Software House,5,15100.0,17000.0,9000.0,17000.0,3471.3109915419564
Tidio,26,10807.692307692309,10000.0,10000.0,19000.0,1876.5762605176649
Tink,3,30000.0,30000.0,22000.0,38000.0,8000.0
Tivix Europe Sp. z o.o.,1,13000.0,13000.0,13000.0,13000.0,
Tooploox,9,17000.0,18000.0,14000.0,19000.0,2291.28784747792
TransferGo,9,20000.0,20000.0,15000.0,25000.0,4330.127018922194
Transition Technologies PSC,1,10080.0,10080.0,10080.0,10080.0,
Transition Technologies Science,2,10200.0,10200.0,10200.0,10200.0,0.0
Triso.pl,1,5000.0,5000.0,5000.0,5000.0,
Trodat Polska,3,10000.0,10000.0,10000.0,10000.0,0.0
Trust IT,1,8000.0,8000.0,8000.0,8000.0,
Twisto Polska Sp. z o.o.,2,13000.0,13000.0,10000.0,16000.0,4242.640687119285
Uber Poland,1,8500.0,8500.0,8500.0,8500.0,
Unide,19,12500.0,12500.0,12500.0,12500.0,0.0
Unikie,5,15600.0,16000.0,14000.0,16000.0,894.427190999916
Uniteam Sp. z o.o.,3,15200.0,15200.0,15200.0,15200.0,0.0
Unity Group,1,13400.0,13400.0,13400.0,13400.0,
Unity Group ,26,13404.615384615385,11800.0,7000.0,25200.0,4230.658795761465
Upside,3,18433.333333333332,14800.0,14800.0,25700.0,6293.11793416692
Upvanta sp. z o.o.,1,20000.0,20000.0,20000.0,20000.0,
VECTRA S.A.,2,9500.0,9500.0,9000.0,10000.0,707.1067811865476
VM.PL,11,19549.090909090908,21840.0,15120.0,23520.0,3545.7734122345
VM.PL Software House,1,15120.0,15120.0,15120.0,15120.0,
VOLT,4,22750.0,22750.0,21500.0,24000.0,1443.3756729740644
VOLT | Open Banking Payments,2,19000.0,19000.0,19000.0,19000.0,0.0
Vality,11,18618.18181818182,18000.0,18000.0,21800.0,1386.952185057712
Vasco Electronics,1,14000.0,14000.0,14000.0,14000.0,
Vector Software,1,21450.0,21450.0,21450.0,21450.0,
Vectra,1,8000.0,8000.0,8000.0,8000.0,
Verbum,1,5000.0,5000.0,5000.0,5000.0,
Vercom S.A.,1,10000.0,10000.0,10000.0,10000.0,
Verestro SA,31,11354.838709677419,11000.0,11000.0,16000.0,1170.424056963236
ViewOne,1,12000.0,12000.0,12000.0,12000.0,
VirtusLab,1,22000.0,22000.0,22000.0,22000.0,
Visa,2,26000.0,26000.0,26000.0,26000.0,0.0
Visartech Inc.,1,25740.0,25740.0,25740.0,25740.0,
Vistex Poland-CEE,1,16000.0,16000.0,16000.0,16000.0,
VlogIT,7,13000.0,13000.0,13000.0,13000.0,0.0
Volue Sp. z o.o.,11,17000.0,15000.0,12000.0,26000.0,4171.330722922842
Volven,9,25333.333333333332,25000.0,8000.0,30000.0,6964.19413859206
Vue Storefront,1,20000.0,20000.0,20000.0,20000.0,
WEBWIZARDS,1,10000.0,10000.0,10000.0,10000.0,
WIN LOCAL EUROPE,1,11000.0,11000.0,11000.0,11000.0,
WIZCODE,9,19555.555555555555,18000.0,16000.0,22000.0,2403.700850309326
Wave,1,25500.0,25500.0,25500.0,25500.0,
Waynet,3,12000.0,12000.0,12000.0,12000.0,0.0
Waytogrow,3,8500.0,8500.0,8500.0,8500.0,0.0
Wazdan Solutions,9,17666.666666666668,18000.0,15000.0,18000.0,999.9999999999999
WeLovePeople,1,20000.0,20000.0,20000.0,20000.0,
WearTech,3,12000.0,15000.0,6000.0,15000.0,5196.152422706632
Web24.com.pl sp. z o.o.,4,15000.0,15000.0,15000.0,15000.0,0.0
WebCrafters,1,10000.0,10000.0,10000.0,10000.0,
Webactly,1,12000.0,12000.0,12000.0,12000.0,
Webanywhere,1,15000.0,15000.0,15000.0,15000.0,
Webanywhere sp. z o.o.,2,9000.0,9000.0,7000.0,11000.0,2828.42712474619
Webellian Sp.z o o,2,18500.0,18500.0,15000.0,22000.0,4949.747468305833
Wellbeing Polska,2,10000.0,10000.0,10000.0,10000.0,0.0
WhitePress,2,15000.0,15000.0,15000.0,15000.0,0.0
Wildland,4,20000.0,20000.0,20000.0,20000.0,0.0
Wiley Edge,1,3700.0,3700.0,3700.0,3700.0,
Winged IT,8,20139.375,23350.0,11675.0,28020.0,7270.977256728091
WizzDev,1,18000.0,18000.0,18000.0,18000.0,
Wonder Miles,4,15000.0,15000.0,15000.0,15000.0,0.0
Wunderman Thompson Technology,6,18000.0,18000.0,16000.0,20000.0,2190.890230020664
Wykop Sp. z o.o.,1,15000.0,15000.0,15000.0,15000.0,
X-ONE,6,14000.0,14000.0,14000.0,14000.0,0.0
X13,10,9000.0,9000.0,9000.0,9000.0,0.0
XPERI Poland,1,16000.0,16000.0,16000.0,16000.0,
XTB,7,12142.857142857143,14000.0,6000.0,14000.0,3078.3421635988548
Xebia,1,18000.0,18000.0,18000.0,18000.0,
Xebia sp. z o.o.,10,12410.0,10550.0,10000.0,19300.0,3516.7693507915283
Yacht Concept,1,3000.0,3000.0,3000.0,3000.0,
Yanosik,1,8000.0,8000.0,8000.0,8000.0,
YieldRiser,4,8000.0,8000.0,8000.0,8000.0,0.0
ZABBIX,1,19614.0,19614.0,19614.0,19614.0,
ZEN.COM,2,16000.0,16000.0,15000.0,17000.0,1414.213562373095
ZetaTrading,1,12870.0,12870.0,12870.0,12870.0,
Zoolatech,4,22500.0,23000.0,20000.0,24000.0,1732.0508075688774
Zyte,1,15000.0,15000.0,15000.0,15000.0,
apetigo,5,14400.0,14000.0,14000.0,16000.0,894.4271909999158
apreel,9,23777.777777777777,25000.0,16800.0,25200.0,2709.8421438239616
artgeist sp zo.o.,2,13500.0,13500.0,10000.0,17000.0,4949.747468305833
blue veery,1,30000.0,30000.0,30000.0,30000.0,
co.brick,2,19000.0,19000.0,18000.0,20000.0,1414.213562373095
core3,5,7260.0,8000.0,4000.0,8300.0,1827.019430657485
cronn Polska,1,12000.0,12000.0,12000.0,12000.0,
deepsense.ai (Program Kariera),1,4500.0,4500.0,4500.0,4500.0,
dm-drogerie markt sp.z o.o.,1,15000.0,15000.0,15000.0,15000.0,
dmt Software House,8,10500.0,10500.0,10000.0,11000.0,534.5224838248486
dogadamycie.pl,1,4000.0,4000.0,4000.0,4000.0,
"dotData, Inc.",4,22395.0,23341.0,13232.0,29666.0,6912.963763828073
dotLinkers,19,38209.15789473684,43664.5,22000.0,43664.5,7543.236593599429
e-Loop,8,11000.0,11000.0,10000.0,12000.0,1069.0449676496976
eSky.pl,20,17900.0,18000.0,16000.0,18000.0,447.2135954999578
eStoreMedia sp. z o.o.,10,20000.0,20000.0,20000.0,20000.0,0.0
elo.city,1,15000.0,15000.0,15000.0,15000.0,
emagine Polska,31,26594.162580645163,26880.0,10080.0,38640.0,5968.497830728134
eo Networks,19,15000.0,15000.0,15000.0,15000.0,0.0
fast thinking,1,12000.0,12000.0,12000.0,12000.0,
feedink.com,2,16000.0,16000.0,16000.0,16000.0,0.0
gnStudio,4,8000.0,8000.0,8000.0,8000.0,0.0
hireplace.it,1,12000.0,12000.0,12000.0,12000.0,
hubQuest,10,20000.0,20000.0,20000.0,20000.0,0.0
i2a Solutions,11,18818.18181818182,20000.0,7000.0,20000.0,3919.647479510927
iMakeable,38,16000.0,16000.0,16000.0,16000.0,0.0
iRonin.IT,3,24333.333333333332,25000.0,20000.0,28000.0,4041.45188432738
iTechArt Group,1,14000.0,14000.0,14000.0,14000.0,
in4ge sp. z o.o.,5,18000.0,21500.0,10000.0,22000.0,5488.624600025038
in4mates,6,21750.0,21750.0,21750.0,21750.0,0.0
itCraft,3,10500.0,10500.0,10500.0,10500.0,0.0
iteratec,1,18000.0,18000.0,18000.0,18000.0,
ithouse,1,16000.0,16000.0,16000.0,16000.0,
j-labs,8,24487.5,25000.0,19500.0,29000.0,2945.9112099896793
kicket.com,1,18000.0,18000.0,18000.0,18000.0,
lemon.io,2,21450.0,21450.0,21450.0,21450.0,0.0
mElements,1,16000.0,16000.0,16000.0,16000.0,
mTab Poland,2,12950.0,12950.0,9500.0,16400.0,4879.036790187178
makeitright,5,16400.0,16000.0,10000.0,20000.0,4098.78030638384
monday.com,3,33333.333333333336,35000.0,30000.0,35000.0,2886.7513459481283
myTU,9,9340.0,9340.0,9340.0,9340.0,0.0
o4b Sp. z o.o.,22,10000.0,10000.0,8000.0,12000.0,2047.065262876635
optAd360,1,18000.0,18000.0,18000.0,18000.0,
proALPHA Group,38,17500.0,17500.0,10000.0,25000.0,7600.675645642975
skills matter,2,15500.0,15500.0,13000.0,18000.0,3535.5339059327375
sky gate,8,11376.25,9000.0,6000.0,18000.0,4658.748874046397
speedapp,1,23536.8,23536.8,23536.8,23536.8,
summ-it,1,10000.0,10000.0,10000.0,10000.0,
tonik,1,22000.0,22000.0,22000.0,22000.0,
