skill,count,mean,median,std,min,max
Java,896,19243.24892857143,18000.0,6710.653496059785,5000.0,42000.0
SQL,586,16551.904078498294,15000.0,7983.104045651735,4000.0,43664.5
Python,685,19548.072408759122,18000.0,7955.9807011233,3500.0,54600.0
JavaScript,600,17361.629,17000.0,6753.083320393677,3200.0,36000.0
English,449,15899.895322939867,15120.0,6614.200559092025,3600.0,35280.0
AWS,570,21340.753877192983,22000.0,7021.539814500198,5000.0,43664.5
C#,342,18813.48245614035,16800.0,10025.439110821728,3000.0,47600.0
TypeScript,434,17616.8133640553,18000.0,6554.767058164279,5000.0,36000.0
.Net,336,19331.438095238096,18240.0,8552.247953443077,4200.0,47600.0
Linux,240,16754.754166666666,16000.0,6839.00906610444,3600.0,29666.0
React,308,19552.045454545456,18000.0,7834.622637219613,5000.0,42000.0
Node.js,289,16866.667820069204,18000.0,5101.210445308928,5000.0,32000.0
C++,205,17071.976585365854,16000.0,5433.242953413884,4000.0,36000.0
Azure,224,20933.212499999998,20000.0,8003.4206253346065,7000.0,60480.0
PHP,211,14515.577251184834,14000.0,5249.893954420507,4000.0,25000.0
Spring,245,18640.759346938776,17000.0,6551.17944816193,5000.0,40000.0
Docker,218,18158.491743119266,18000.0,7511.479116746182,5000.0,60480.0
Git,200,14178.094,13100.0,4479.775630710936,4500.0,28020.0
Agile,150,18544.820533333335,18493.2,5641.653536426016,5000.0,33736.08
Angular,213,17759.38028169014,18000.0,5908.850715199616,4000.0,40000.0
Kubernetes,174,20667.64367816092,20100.0,7910.270025245715,8500.0,60480.0
Spring Boot,201,19533.512437810947,19500.0,4930.867426842312,9000.0,32000.0
JIRA,147,16570.843537414967,15900.0,6326.508122439817,5000.0,42030.0
UML,113,15782.761061946903,15000.0,5470.364308308282,5000.0,35000.0
.NET Core,148,17809.72972972973,18000.0,4254.160340016102,8000.0,32000.0
MySQL,156,14220.294871794871,12500.0,6133.29754091491,4000.0,30000.0
Kotlin,129,15978.922480620155,14000.0,7658.693743277557,5000.0,42000.0
DevOps,73,22846.715068493155,21000.0,8205.779032995779,12000.0,34320.0
HTML,124,15455.467741935483,15000.0,6982.740576471429,3200.0,29000.0
Scrum,123,15018.951219512195,14600.0,4956.909053183787,6000.0,28020.0
REST API,101,17058.617821782176,18000.0,6627.406798445317,6000.0,38610.0
BPMN,64,12505.3125,12000.0,3989.0218273267055,5000.0,21000.0
HTML5,107,13309.81308411215,12000.0,5671.383642248427,4500.0,23520.0
ReactJS,130,18611.576923076922,19000.0,5337.5458792798045,5000.0,32000.0
PostgreSQL,111,15919.981981981982,15000.0,5501.046350025325,5000.0,26000.0
CI/CD,128,22856.40625,23520.0,5651.5624951699,7200.0,30000.0
Cloud,90,19574.833333333332,21840.0,5093.00536261209,4000.0,35000.0
C,41,15479.365853658537,17000.0,6688.248835667291,4000.0,25000.0
ASP.NET,85,22527.764705882353,21840.0,7295.156967610281,10000.0,36000.0
Terraform,95,19133.57894736842,18000.0,5482.9528687792135,7000.0,35000.0
Test Automation,91,15659.802197802197,14000.0,4970.4886082641815,6000.0,25000.0
Communication Skills,73,13637.246575342466,14000.0,5498.842122515991,4000.0,30000.0
Project Management,47,14057.446808510638,11000.0,6597.446629958642,4000.0,30000.0
Testing,74,17720.81081081081,14600.0,6762.292258831626,7000.0,27000.0
CSS,85,13118.082352941177,15000.0,5116.521449494495,4000.0,24882.0
Android,66,13681.984848484848,11000.0,4377.108882469988,3600.0,25200.0
Windows,37,14908.108108108108,14000.0,5794.795479967749,3600.0,22000.0
Django,104,18035.096153846152,16400.0,5036.232216858252,4000.0,25200.0
iOS,73,15925.97808219178,15000.0,6099.325326219983,5000.0,25200.0
Power BI,59,13243.050847457627,12000.0,6634.99376457813,5000.0,33600.0
Oracle,49,12112.938775510203,8000.0,5849.545806471371,7500.0,28560.0
MS SQL,29,14114.48275862069,12000.0,7273.453486189593,5000.0,30000.0
Product Management,81,22211.567901234568,23300.0,6828.040201877608,11000.0,35025.0
React Native,85,19618.188235294117,16800.0,6002.83641982632,5000.0,31000.0
Windows Server,55,13225.454545454546,14000.0,7017.655464290635,5000.0,27000.0
Hibernate,79,16358.987341772152,15000.0,5815.772452373496,7000.0,30000.0
Ruby on Rails,78,16789.9358974359,16000.0,6445.428889318853,5000.0,36465.0
MS Excel,35,9718.257142857143,8000.0,4593.61261998887,3600.0,25600.0
Microservices,39,21184.615384615383,20000.0,3411.3231312898038,16000.0,25200.0
ETL,61,19043.27868852459,17000.0,6390.801389839273,8000.0,30000.0
Redux,70,16465.14285714286,16000.0,6669.242127783801,8000.0,29000.0
Powershell,43,11713.953488372093,10000.0,4965.168265280348,7000.0,30000.0
Confluence,37,15267.216216216217,14000.0,6423.666308335205,7005.0,42030.0
API,47,17565.957446808512,15000.0,7298.608461646009,5000.0,33000.0
Figma,65,13176.923076923076,13000.0,3563.12578849181,8000.0,19000.0
REST,44,18159.981818181815,17000.0,5673.90630343213,9000.0,26000.0
Leadership,48,15433.333333333334,9000.0,8542.816649797462,7700.0,32000.0
PL/SQL,24,11964.916666666666,8000.0,6706.094515060724,8000.0,30000.0
Golang,19,22823.157894736843,21015.0,4791.686727646793,17160.0,36000.0
Cybersecurity,24,21037.916666666668,21500.0,6896.094659876054,8580.0,28000.0
Swift,42,16177.628571428571,17000.0,4217.40513206216,8000.0,25000.0
Architecture,3,17666.666666666668,17000.0,1154.7005383792514,17000.0,19000.0
Salesforce,30,16974.8,17600.0,6610.543211024915,7000.0,30240.0
GCP,57,18621.22807017544,19000.0,5946.048228558262,7000.0,30030.0
Business Analysis,37,14027.127297297297,13000.0,4342.673905442902,7300.0,23590.71
WordPress,45,10170.0,8000.0,5289.891195822119,3200.0,19305.0
Big Data,50,20227.441600000002,22000.0,5724.846261377291,8000.0,28020.0
Microsoft Azure,16,21439.875,21274.0,8112.2531344051795,7200.0,33600.0
Laravel,48,16062.5,20000.0,4905.083121164403,7000.0,22000.0
ITIL,29,22151.379310344826,23000.0,4876.791776317363,13000.0,42000.0
Selenium,45,16280.675555555556,14000.0,5411.324370796839,5500.0,25200.0
UX,34,12627.64705882353,12440.0,2790.5990003489687,6000.0,19000.0
Databases,48,16701.020833333332,19900.0,8477.893946347416,5000.0,54600.0
SAP,19,21705.284210526315,16000.0,18652.43875715253,2400.0,90000.0
Flutter,57,13550.280701754386,15000.0,3515.738724214636,8000.0,25200.0
Polish,53,11693.207547169812,11000.0,5306.785124719291,4000.0,24000.0
Postman,32,12368.75,10000.0,5740.879864001966,5000.0,26800.0
CSS3,40,9634.5,8500.0,4252.145129828968,4500.0,22680.0
OOP,27,15753.37037037037,15000.0,4930.278117823407,5000.0,26000.0
Go,17,19491.176470588234,18000.0,2945.559968734598,17000.0,25000.0
Symfony,47,11929.191489361701,11500.0,3994.4753077561786,4000.0,20160.0
CRM,13,18661.53846153846,19000.0,3178.453099003366,12000.0,27000.0
Scala,54,20179.777777777777,20000.0,5494.211151393859,5000.0,30000.0
Office 365,17,12500.0,11500.0,5102.0829079896375,7500.0,25500.0
Bash,20,11944.25,8000.0,7706.132430699182,6000.0,35000.0
T-SQL,14,11189.285714285714,10000.0,3258.372562835895,7500.0,21000.0
.NET C#,36,18859.555555555555,17658.0,4056.4615998565937,7500.0,26880.0
Azure DevOps,35,15658.4,12936.0,9850.962052749259,5000.0,33600.0
Ansible,32,24124.675,25000.0,5974.158504058367,12000.0,30000.0
Analytical Thinking,16,10025.0,10000.0,1700.0,7000.0,14400.0
Amazon AWS,35,19208.489142857146,18000.0,6204.930012828684,10199.28,30000.0
Enterprise Architect,23,17164.347826086956,17000.0,3871.9596002857593,8000.0,25000.0
PRINCE2,0,,,,,
IT Support,20,8920.0,7400.0,4291.313134816968,4500.0,18000.0
NoSQL,37,18698.91891891892,17000.0,2254.7209531506496,17000.0,25200.0
Software Development,24,18758.333333333332,22000.0,5505.010892590153,7000.0,30000.0
Unity,7,8094.285714285715,6720.0,7189.14658157897,3000.0,24000.0
Active Directory,16,7656.25,7000.0,1075.774914499621,7000.0,10000.0
GitLab,21,14000.0,14000.0,5547.521969312064,8000.0,19500.0
Entity Framework,41,17539.51219512195,18000.0,2939.389350885241,10000.0,22000.0
Microsoft,13,14153.846153846154,16000.0,3578.7836352163436,6000.0,16000.0
Automotive,6,22400.0,22400.0,0.0,22400.0,22400.0
Manual Testing,38,14514.71052631579,14750.0,5968.036613665197,4500.0,25000.0
Jenkins,36,24531.11111111111,25200.0,5407.363116438167,10000.0,30000.0
Kafka,36,23014.306666666667,24000.0,4612.287162711607,12000.0,30000.0
Problem Solving,24,8525.333333333334,9000.0,2389.1026269959275,5000.0,16000.0
Analiza Biznesowa,14,12821.42857142857,14500.0,5067.267291370941,5000.0,18000.0
ERP,10,19898.0,10040.0,25069.043238402395,7500.0,90000.0
Hyper-V,20,13325.0,14000.0,1672.336845948145,8500.0,14000.0
Data Science,20,24865.415999999997,28244.16,6055.832561189428,10200.0,28244.16
Microsoft Azure Cloud,28,24077.428571428572,24870.0,8767.3604264089,10000.0,33600.0
R,27,15545.185185185184,11000.0,6848.55199202462,9000.0,23520.0
SaaS,23,23049.1447826087,26000.0,6761.288328306205,8000.0,28560.0
Distributed systems,43,26953.488372093023,27000.0,1987.5024812454474,20000.0,28000.0
Machine Learning,38,23215.218947368427,27456.0,8356.793901927063,4500.0,38610.0
LAN,10,12150.0,11500.0,3815.5384067433174,5000.0,20000.0
IT Security,16,14271.29,9340.0,8930.219458983076,8580.0,35000.0
Snowflake,41,24747.317073170732,20160.0,9043.90375457143,15000.0,38640.0
Vue.js,23,14431.304347826086,15120.0,5756.475645541073,6000.0,26000.0
TDD,20,17527.65,17000.0,2359.7225366555285,17000.0,27553.0
ASP.NET Core,40,13668.0,13000.0,2036.370829158126,12000.0,21000.0
Team Leadership,22,18707.272727272728,20160.0,6698.814523280669,11000.0,38000.0
JS,31,14356.774193548386,13400.0,5811.030968251545,5000.0,38610.0
Data,2,20430.0,20430.0,7509.474016201135,15120.0,25740.0
Data modeling,20,19877.0,20160.0,1265.6144752648809,14500.0,20160.0
Continuous Integration practices,38,19000.0,19000.0,0.0,19000.0,19000.0
CI,6,17586.666666666668,20500.0,6774.146932763318,9000.0,23520.0
Java 8,31,12222.58064516129,7000.0,8244.582450612417,7000.0,38000.0
VMware,7,15914.285714285714,14000.0,6686.161971173142,9000.0,25200.0
Management,4,21253.75,20007.5,4030.8257528699996,18000.0,27000.0
Java 11,26,21456.0,23520.0,3424.1981251090015,12000.0,28000.0
Google Cloud Platform,14,21085.714285714286,20000.0,3584.3371113041985,12800.0,26000.0
Helpdesk,3,10000.0,10000.0,0.0,10000.0,10000.0
CD,2,20500.0,20500.0,707.1067811865476,20000.0,21000.0
Angielski,4,15500.0,17000.0,3785.9388972001825,10000.0,18000.0
Adobe Photoshop,12,6952.916666666667,7000.0,163.1014510460693,6435.0,7000.0
AUTOMATIVE,0,,,,,
UX Design,22,9495.90909090909,9340.0,786.4486729288282,9000.0,13000.0
PHP 7,32,9830.0,7500.0,4167.465385811319,7000.0,20160.0
Java 8+,30,16937.866666666665,18984.0,8327.911539053406,7000.0,28000.0
Hadoop,16,21740.0,21000.0,5239.541964714092,8000.0,28500.0
Team Management,18,17666.666666666668,16000.0,6747.548574460645,11000.0,38000.0
Autosar,12,20170.0,22680.0,3373.700423193284,16000.0,23000.0
Bazy Danych,16,13907.5,13000.0,4143.215337552869,11000.0,25000.0
Spark,22,19292.727272727272,20000.0,4580.40774003091,10000.0,28500.0
Networks,12,21666.666666666668,22000.0,1154.7005383792514,18000.0,22000.0
Power Platform,6,8208.333333333334,6850.0,3327.2235672804836,6850.0,15000.0
MongoDB,22,17459.18181818182,15000.0,5016.218710926006,14944.0,29600.0
XML,16,18388.75,18000.0,5420.17450518585,6000.0,23520.0
Oracle SQL,23,8608.695652173914,7000.0,3394.3687381359705,7000.0,20000.0
Security,16,21803.125,16400.0,10911.522789387984,8580.0,40320.0
Ruby,26,22967.5,28020.0,7417.882346060768,12800.0,36465.0
TOGAF,30,19966.666666666668,23000.0,6682.366570946686,12000.0,42000.0
SCCM,11,6090.909090909091,5000.0,3618.136134933163,5000.0,17000.0
Google Analytics,13,16442.46153846154,14500.0,10205.803648050656,6000.0,29888.0
Web Applications,25,14288.0,10000.0,6379.234541332788,8000.0,25200.0
QA,25,19204.0,19200.0,4555.992390979892,4500.0,22000.0
Adobe XD,30,8482.0,9340.0,1146.9100917773326,7000.0,9340.0
Android SDK,3,18333.333333333332,22000.0,6350.852961085883,11000.0,22000.0
Firewall,15,20354.666666666668,22000.0,3564.262830349288,10000.0,22000.0
Scrum Master,10,12800.0,13000.0,4263.540521418528,7000.0,20000.0
Microsoft Windows,9,12333.333333333334,10000.0,5037.36041990247,8500.0,19000.0
Angular 2+,30,17364.666666666668,16800.0,5612.074871900418,10000.0,23520.0
PHP 8,26,9181.23076923077,7000.0,3718.7030460384153,5000.0,20160.0
Elasticsearch,26,24261.53846153846,28020.0,5450.66578854928,12000.0,28020.0
UI,17,13676.470588235294,13000.0,5329.578948163343,6000.0,31000.0
SOA,8,24509.25,25000.0,1113.2740324954011,22737.0,25600.0
Groovy,29,21824.137931034482,25000.0,5034.215442663604,10000.0,25000.0
Flask,24,19294.583333333332,17500.0,5717.623388274618,12000.0,25200.0
Analytics,4,14875.0,15250.0,5359.959576962001,8000.0,21000.0
ETL tools,28,19580.714285714286,20160.0,2659.4749253013983,11000.0,21840.0
PostreSQL,25,17499.2,17000.0,1849.9772971579948,12000.0,21840.0
PrestaShop,14,9571.42857142857,9000.0,1342.4596091494902,8000.0,12000.0
SCSS,16,17270.0,16000.0,2453.1184235580636,12000.0,21015.0
J2EE,27,11521.481481481482,12000.0,4107.471338636558,8000.0,25600.0
SharePoint,17,26104.0,28896.0,4536.827085089314,14000.0,29896.0
Business Intelligence,14,19142.85714285714,20000.0,3207.134902949092,8000.0,20000.0
Troubleshooting,13,9615.384615384615,8500.0,3056.0994076998854,6000.0,15000.0
Computer science,16,15906.25,16000.0,375.0,14500.0,16000.0
.Net Framework,10,18192.0,19000.0,6340.8881256668,8000.0,30400.0
JUnit,24,14798.333333333334,14000.0,2533.682088884916,14000.0,25000.0
RxJS,6,18522.5,18400.0,3736.377590661843,13000.0,23520.0
Embedded,4,18425.0,18350.0,2873.2965968262542,15000.0,22000.0
Airflow,20,19850.0,20000.0,670.820393249937,17000.0,20000.0
VBA,7,8500.0,7500.0,1802.7756377319947,7500.0,12000.0
Analityczne Myślenie,3,8666.666666666666,8000.0,3055.0504633038936,6000.0,12000.0
Microsoft Office,8,14792.5,15900.0,4125.127703650951,9000.0,18480.0
Tableau,12,15112.5,17500.0,5106.863696847784,6000.0,20000.0
MS Azure,0,,,,,
Vue,22,18090.909090909092,18000.0,426.4014327112208,18000.0,20000.0
Oracle DB,7,15314.285714285714,19300.0,4971.059099571093,10000.0,19300.0
TSQL,1,20000.0,20000.0,,20000.0,20000.0
Python 3.x,22,18918.18181818182,18000.0,5496.89404626323,10000.0,24000.0
Microsoft 365,18,9722.222222222223,7000.0,4775.002994215944,7000.0,19000.0
Cypress,20,14236.0,12750.0,3876.762621189571,9200.0,23520.0
Amazon Web Services,21,18653.571428571428,18000.0,1930.5796686857702,18000.0,25740.0
MS SQL Server,10,13300.0,11000.0,7196.449741983118,7000.0,30000.0
Microsoft Windows Server,1,20000.0,20000.0,,20000.0,20000.0
SQL Server,18,14484.444444444445,16800.0,5017.088706109084,8000.0,25000.0
Rust,22,21785.0,20000.0,8789.363566536653,11000.0,36000.0
CMS,1,18000.0,18000.0,,18000.0,18000.0
HIL/SIL testing,21,16252.380952380952,16000.0,1156.5548182507594,16000.0,21300.0
AI/ML,21,20190.47619047619,20000.0,402.3739080814783,20000.0,21000.0
JPA,21,15339.047619047618,15000.0,1526.439991489691,15000.0,22000.0
SOAP,15,18281.813333333335,18000.0,3487.995930098107,10000.0,25200.0
Teamwork,18,7927.777777777777,7700.0,1493.0448776027959,4000.0,11200.0
Experience in V&V domain (preferably in ADAS),21,16252.380952380952,16000.0,1156.5548182507594,16000.0,21300.0
SRE,19,47600.0,47600.0,0.0,47600.0,47600.0
PHP 7.x,18,12612.0,12000.0,4209.451997308802,4000.0,22416.0
MS Office,2,4800.0,4800.0,1697.0562748477141,3600.0,6000.0
Java 11+,1,12000.0,12000.0,,12000.0,12000.0
PHP 8.X,21,19609.52380952381,20000.0,1789.3866999351371,11800.0,20000.0
DBMS,20,26500.0,26500.0,3590.9242322980394,23000.0,30000.0
AML,0,,,,,
Basic Network,0,,,,,
German Business,0,,,,,
VPN,1,15000.0,15000.0,,15000.0,15000.0
AlwaysOn,0,,,,,
Postgres,12,21193.333333333332,22000.0,1883.9674448708854,17160.0,22000.0
AngularJS,19,23027.36842105263,26000.0,4850.5083835560345,11500.0,26000.0
Programming,14,16043.857142857143,15000.0,4437.896831350892,10000.0,30000.0
Python 3,14,14010.0,14010.0,0.0,14010.0,14010.0
Struts,19,12500.0,12500.0,0.0,12500.0,12500.0
working with UX teams,19,23300.0,23300.0,0.0,23300.0,23300.0
ALM,19,19000.0,19000.0,0.0,19000.0,19000.0
Solution Architect,19,23000.0,23000.0,0.0,23000.0,23000.0
Continuous Integration,18,17000.0,17000.0,0.0,17000.0,17000.0
Power Platform solutions,19,19000.0,19000.0,0.0,19000.0,19000.0
prowadzenie projektów,0,,,,,
MR,0,,,,,
Continuous Deployment practices,19,19000.0,19000.0,0.0,19000.0,19000.0
IONOS,19,10000.0,10000.0,0.0,10000.0,10000.0
Tworzenie oprogramowań,0,,,,,
Dataverse,1,20000.0,20000.0,,20000.0,20000.0
Tekton,19,25000.0,25000.0,0.0,25000.0,25000.0
Monitoring Tools,4,5000.0,5000.0,0.0,5000.0,5000.0
Figma/ Sketch/ Axure,0,,,,,
Google Cloud,12,27500.0,33000.0,9949.8743710662,11000.0,33000.0
Express Route,0,,,,,
data oriented products,19,23300.0,23300.0,0.0,23300.0,23300.0
Design Thinking,0,,,,,
GWT,17,7000.0,7000.0,0.0,7000.0,7000.0
Test planning,18,20000.0,20000.0,0.0,20000.0,20000.0
Writing Test Scenarios,19,19631.57894736842,20000.0,1605.9101370939325,13000.0,20000.0
NodeJS,14,24514.285714285714,25200.0,1362.6090036042247,22000.0,25200.0
SAP HANA,5,27432.088,26880.0,7700.372033581884,20000.0,38915.11
MIRO,17,17735.29411764706,19000.0,2910.9579987674565,8400.0,19000.0
SAP FI,2,17000.0,17000.0,1414.213562373095,16000.0,18000.0
STM32,0,,,,,
TypeScript / Angular,18,11500.0,11500.0,0.0,11500.0,11500.0
solve problems,0,,,,,
PHPUnit,18,13255.555555555555,11250.0,4120.996770089121,4000.0,18000.0
Maven,13,18664.615384615383,18000.0,4326.562560479576,10080.0,25500.0
Clean Code,18,21777.777777777777,24000.0,2916.5966378147696,15000.0,24000.0
RPA,0,,,,,
German,12,17739.166666666668,19320.0,10434.957384007881,7000.0,42030.0
analyst,0,,,,,
Network Administration,2,10300.0,10300.0,1838.4776310850236,9000.0,11600.0
Microservice Architecture,11,26294.545454545456,24500.0,7008.321287778356,20160.0,46700.0
Sketch,12,16750.0,19000.0,4070.4031517998087,10000.0,19000.0
SAS,9,20226.666666666668,21000.0,4287.843280718175,9000.0,23520.0
ASP.NET MVC,11,16527.272727272728,15000.0,6961.909351476922,7500.0,32000.0
SAP BO,0,,,,,
OpenShift,15,24057.333333333332,24360.0,1267.908664278457,20000.0,25200.0
Windows 10,1,6000.0,6000.0,,6000.0,6000.0
planning,0,,,,,
E-commerce,16,15027.0,10880.0,9935.429237498163,6000.0,29888.0
IBM,16,14200.0,14200.0,0.0,14200.0,14200.0
IaC,15,13866.666666666666,12000.0,3204.1639575194445,12000.0,19000.0
Next.js,16,25138.125,32690.0,9168.495491809621,11000.0,32690.0
TCP/IP,9,12111.111111111111,13000.0,2420.973174388992,9000.0,15000.0
Web 2.0,16,26000.0,26000.0,0.0,26000.0,26000.0
JRules,16,14200.0,14200.0,0.0,14200.0,14200.0
Customer Support,15,6866.666666666667,6000.0,2108.3733291896137,4000.0,12000.0
ES6+,10,19305.0,19305.0,0.0,19305.0,19305.0
IBM ODM,16,14200.0,14200.0,0.0,14200.0,14200.0
Unit Testing,16,17240.0,17000.0,3690.7668579849365,12000.0,21840.0
MsSQL,4,8750.0,9000.0,1500.0,7000.0,10000.0
PHP 5,16,7000.0,7000.0,0.0,7000.0,7000.0
Front-End,8,18217.5,16875.0,6453.837728713934,10000.0,30240.0
Contact with a client,4,12630.0,12100.0,1864.296113818832,11200.0,15120.0
XCode,12,16583.333333333332,18000.0,2703.813244402442,10000.0,18000.0
Kanban,13,17788.61538461539,18493.2,4788.371134642441,6300.0,28020.0
Cloud Computing,16,21125.0,20000.0,1746.424919657298,20000.0,24000.0
GraphQL,14,27120.714285714286,32690.0,8211.332192380623,9000.0,32690.0
redhat,0,,,,,
SASS,15,20600.0,25000.0,7799.267364860076,7000.0,26000.0
Visual Studio,4,10475.0,10000.0,4159.6273871586145,5900.0,16000.0
UX Research,5,16600.0,19000.0,5366.563145999496,7000.0,19000.0
Apache Spark,12,20690.0,20500.0,4026.5708397186713,14000.0,26880.0
Nest.js,15,23813.333333333332,26000.0,5061.601478169683,8400.0,26000.0
Cucumber,13,18926.153846153848,22000.0,7478.495323772846,5500.0,25200.0
Data architecture,14,28335.714285714286,29400.0,3982.1925044951226,14500.0,29400.0
Power Automate,5,6850.0,6850.0,0.0,6850.0,6850.0
MS Windows Server,1,17000.0,17000.0,,17000.0,17000.0
Embedded Systems,13,20582.615384615383,20000.0,3686.050586071348,10000.0,24000.0
Unix,9,14311.111111111111,16000.0,4663.8086486380535,4000.0,18000.0
HTML5 / CSS3,13,15923.076923076924,16000.0,4541.320264371336,7000.0,22400.0
Appium,14,13142.857142857143,12000.0,2107.0264449124597,12000.0,17000.0
TypeScript/JavaScript,12,20420.166666666668,22416.0,2565.331126361427,16345.0,22416.0
Cisco,9,13813.333333333334,12000.0,5199.384578967015,5000.0,22000.0
Solid,14,18772.85714285714,21482.0,4445.230163758813,12000.0,21482.0
pytest,6,16893.333333333332,18000.0,3393.4210859642317,10000.0,18680.0
DWH,7,16371.42857142857,13650.0,3394.2177722877896,13650.0,20000.0
TensorFlow,6,16333.333333333334,15000.0,2160.2468994692867,15000.0,20000.0
Spring MVC,12,21276.666666666668,21482.0,887.0126916518811,18500.0,22000.0
SOLID Principles,12,15837.75,15015.0,4836.1543160016945,10584.0,22737.0
Apex,7,17885.714285714286,17600.0,8946.401245087056,10000.0,30000.0
Information Security,10,16000.0,16000.0,0.0,16000.0,16000.0
Analiza Danych,8,7500.0,7500.0,0.0,7500.0,7500.0
RESTful API,13,16700.8,14000.0,5202.80260885099,14000.0,28000.0
Quality Assurance,12,23666.666666666668,25000.0,4618.8021535170055,9000.0,25000.0
.NET 6,8,19267.5,20080.0,2331.7666509077862,13500.0,20160.0
Dynamics 365,2,15675.0,15675.0,6116.473657263636,11350.0,20000.0
Backend,12,25996.833333333332,23521.0,9870.316213349759,18700.0,54600.0
Redis,3,17053.333333333332,17160.0,3001.421885262606,14000.0,20000.0
GitHub,9,14222.222222222223,10000.0,5674.014843516401,9000.0,22000.0
TestRail,1,14000.0,14000.0,,14000.0,14000.0
iOS frameworks,2,18000.0,18000.0,2828.42712474619,16000.0,20000.0
product owner,0,,,,,
Team Player,9,9445.333333333334,7000.0,4125.638859619198,5000.0,14000.0
Software Architecture,12,19808.333333333332,18000.0,10204.496186693512,12000.0,46700.0
Express.js,1,18000.0,18000.0,,18000.0,18000.0
PowerPlatform,0,,,,,
MES,11,20160.0,20160.0,0.0,20160.0,20160.0
Embedded C,10,19573.4,19867.0,3304.05273700177,16000.0,23000.0
Symfony 4,12,19250.0,18500.0,3934.11651165452,15000.0,25000.0
Azure Cloud,11,25200.0,25200.0,0.0,25200.0,25200.0
C/C++,1,18000.0,18000.0,,18000.0,18000.0
Webcon,10,6200.0,5000.0,1932.183566158592,5000.0,9000.0
Unreal Engine,1,12000.0,12000.0,,12000.0,12000.0
ISTQB,7,8142.857142857143,8000.0,2544.8360411214067,5000.0,13000.0
RSpec,12,10000.0,10000.0,1705.6057308448835,8000.0,12000.0
grasp concepts,6,15960.0,15960.0,0.0,15960.0,15960.0
Bitbucket,12,10166.666666666666,9000.0,2855.0858396053786,9000.0,18000.0
digital projects,6,15960.0,15960.0,0.0,15960.0,15960.0
DDD,12,20376.666666666668,20000.0,3833.914053509412,15000.0,25000.0
Mobile,3,25792.0,25792.0,0.0,25792.0,25792.0
Ceph,11,24363.636363636364,25000.0,2110.5794120443456,18000.0,25000.0
ANgular 7+,11,25200.0,25200.0,0.0,25200.0,25200.0
ServiceNow,8,15475.0,16000.0,3057.426555594941,11000.0,20000.0
Serverless,11,22000.0,22000.0,0.0,22000.0,22000.0
Microsoft Dynamics AX2012,0,,,,,
Test Management,11,22000.0,22000.0,0.0,22000.0,22000.0
Sustainability,11,11000.0,11000.0,0.0,11000.0,11000.0
matplotlib,11,25200.0,25200.0,0.0,25200.0,25200.0
Managment,11,25000.0,25000.0,0.0,25000.0,25000.0
LMS,0,,,,,
D365,0,,,,,
People Management,8,19787.5,20000.0,2718.4225993342957,16000.0,23500.0
Digital marketing,0,,,,,
Magento,8,11725.0,11000.0,2050.609665440988,11000.0,16800.0
angular-CLI,11,23520.0,23520.0,0.0,23520.0,23520.0
MS Dynamics 365,1,28000.0,28000.0,,28000.0,28000.0
Automated Testing,8,16754.0,16750.0,3840.6416130641505,12000.0,22000.0
BPMN2,0,,,,,
SAPC,11,12000.0,12000.0,0.0,12000.0,12000.0
CAD/CAM,0,,,,,
WPF,5,9000.0,10000.0,2236.06797749979,5000.0,10000.0
C++ 14,0,,,,,
Microsoft Dynamics D365FO,0,,,,,
Cloud Technology,0,,,,,
Illustrator,11,7000.0,7000.0,0.0,7000.0,7000.0
SSO,0,,,,,
NPM,11,23520.0,23520.0,0.0,23520.0,23520.0
NLP,9,21000.0,20000.0,7185.053931599957,14500.0,30000.0
CNC,0,,,,,
Cloudera,4,24765.0,28020.0,6510.0,15000.0,28020.0
ESG,11,11000.0,11000.0,0.0,11000.0,11000.0
GCC,1,20000.0,20000.0,,20000.0,20000.0
analytical skill,11,35025.0,35025.0,0.0,35025.0,35025.0
organisation,6,15960.0,15960.0,0.0,15960.0,15960.0
SAP SD,0,,,,,
Microsoft Power Platform,4,21000.0,21000.0,0.0,21000.0,21000.0
analiza systemowa,11,12500.0,10000.0,4129.164564412516,10000.0,22000.0
gRPC,5,18680.0,18680.0,0.0,18680.0,18680.0
Oracle databases,0,,,,,
C++ 11,0,,,,,
RHCSA,0,,,,,
C++ Embedded,0,,,,,
LabView,10,13000.0,13000.0,0.0,13000.0,13000.0
Appian,10,6200.0,5000.0,1932.183566158592,5000.0,9000.0
FortiGate,1,22000.0,22000.0,,22000.0,22000.0
.Net 6.0,10,16000.0,16000.0,0.0,16000.0,16000.0
Low-code/No-code,0,,,,,
Payroll,0,,,,,
Excel,8,11887.5,7500.0,6762.382821799682,7500.0,25600.0
CSS3 / SASS,10,8000.0,8000.0,0.0,8000.0,8000.0
Microsoft Dynamics AX 2012,0,,,,,
BMPS,0,,,,,
PSM,0,,,,,
Software Engineering,0,,,,,
Presales,10,16750.0,16750.0,0.0,16750.0,16750.0
ASP .NET Web API,0,,,,,
WebScraping,10,20000.0,20000.0,0.0,20000.0,20000.0
PCI DSS,9,9340.0,9340.0,0.0,9340.0,9340.0
Technical Knowledge,10,16000.0,16000.0,0.0,16000.0,16000.0
Analytical skills,0,,,,,
ISO 27001,9,9340.0,9340.0,0.0,9340.0,9340.0
ITIL process,0,,,,,
Microsoft Dynamics 365 FO,0,,,,,
trouble shooting skills,0,,,,,
EMC Networker,0,,,,,
Siebel,0,,,,,
Veeam,0,,,,,
RabbitMQ,9,15653.333333333334,16000.0,5423.246260313098,7000.0,26880.0
Data Engineering,10,12179.712,12500.0,1933.5461389822929,10199.28,14000.0
CAN,10,13000.0,13000.0,0.0,13000.0,13000.0
LAN/WAN,1,8300.0,8300.0,,8300.0,8300.0
Roblox,10,3500.0,3500.0,0.0,3500.0,3500.0
RESTful,0,,,,,
Storage,0,,,,,
DRF,10,24000.0,24000.0,0.0,24000.0,24000.0
IT Project,0,,,,,
Confluent Kafka,0,,,,,
PHP7,0,,,,,
SAML,0,,,,,
AMS,0,,,,,
Microsoft Dynamics 365 CE,0,,,,,
Scratch,10,3500.0,3500.0,0.0,3500.0,3500.0
Trino,10,30000.0,30000.0,0.0,30000.0,30000.0
SDK,10,29627.0,30030.0,1274.3978970478568,26000.0,30030.0
Core,0,,,,,
HRIS,0,,,,,
NAV,0,,,,,
O365,10,5000.0,5000.0,0.0,5000.0,5000.0
Object Oriented Programming,10,13000.0,13000.0,0.0,13000.0,13000.0
shiny,10,9000.0,9000.0,0.0,9000.0,9000.0
PHP 7.4,0,,,,,
yuii2,0,,,,,
Cypres.io,0,,,,,
Switch,0,,,,,
Sec Ops,0,,,,,
CMake,9,22888.88888888889,24000.0,1763.8342073763938,20000.0,24000.0
PHP OOP,9,10000.0,10000.0,0.0,10000.0,10000.0
Azure Data Factory,1,28560.0,28560.0,,28560.0,28560.0
webMethods,4,7500.0,7500.0,0.0,7500.0,7500.0
nestJS,9,19683.555555555555,22000.0,5067.616182957997,12000.0,26152.0
Reac,9,29000.0,29000.0,0.0,29000.0,29000.0
Laravel 9,9,10000.0,10000.0,0.0,10000.0,10000.0
sod,0,,,,,
DNS,1,5000.0,5000.0,,5000.0,5000.0
Ubuntu,7,28857.14285714286,30000.0,3023.7157840738178,22000.0,30000.0
Playwright,8,18185.75,18842.0,4471.440603589471,8000.0,22000.0
Cognos,0,,,,,
WAN,3,13666.666666666666,14000.0,1527.5252316519466,12000.0,15000.0
BI,9,16237.777777777777,15000.0,7164.790258231182,10000.0,30240.0
Portfolio Management,9,21500.0,22700.0,1423.0249470757708,20000.0,22700.0
Microsoft SQL Server,7,14000.0,14000.0,0.0,14000.0,14000.0
PyTorch,5,15600.0,15000.0,1341.640786499874,15000.0,18000.0
PMP,1,14000.0,14000.0,,14000.0,14000.0
Magento 2,8,14120.0,14900.0,3562.535212858554,9000.0,18480.0
Network,1,13000.0,13000.0,,13000.0,13000.0
MariaDB,4,16000.0,17000.0,2828.42712474619,12000.0,18000.0
Linux OS,1,15750.0,15750.0,,15750.0,15750.0
UI Design,7,10841.42857142857,10000.0,2455.608740356306,8000.0,15000.0
PySpark,7,14950.971428571429,13000.0,3955.4714770447126,12000.0,23536.8
Fluent in English,7,6000.0,6000.0,0.0,6000.0,6000.0
PixiJS,8,18000.0,18000.0,0.0,18000.0,18000.0
Robot Framework,7,19771.428571428572,19000.0,2041.0081542498274,19000.0,24400.0
Delphi,8,17875.5,17875.5,7350.218675075495,11000.0,24751.0
SAFe,6,14000.0,13000.0,1549.1933384829667,13000.0,16000.0
Intune,0,,,,,
SSIS,3,14550.0,13650.0,5060.385360819865,10000.0,20000.0
Blockchain,0,,,,,
Selenium WebDriver,7,14934.857142857143,12936.0,2776.4089173229645,12936.0,20000.0
Risk Management,6,11000.0,11000.0,0.0,11000.0,11000.0
BigQuery,6,20833.333333333332,24000.0,5154.286242213045,12000.0,24000.0
JSON,6,19476.666666666668,23500.0,6842.752857342333,8000.0,24360.0
iOS SDK,6,18500.0,17000.0,2738.6127875258308,16000.0,22000.0
Puppet,5,17600.0,18000.0,894.4271909999159,16000.0,18000.0
Network Protocols,6,18080.0,19080.0,3160.9618789223005,12000.0,20160.0
OpenCV,0,,,,,
Linux networking,2,13500.0,13500.0,3535.5339059327375,11000.0,16000.0
"Azure, Active Directory",7,14000.0,14000.0,0.0,14000.0,14000.0
API Testing,4,15614.75,14649.5,3316.993153947312,13000.0,20160.0
PgMP,0,,,,,
x86,0,,,,,
AirWatch,0,,,,,
ms teams,2,21420.0,21420.0,593.9696961966999,21000.0,21840.0
Web Services,2,13400.0,13400.0,4808.326112068523,10000.0,16800.0
Angular 10,7,21571.428571428572,22000.0,534.5224838248488,21000.0,22000.0
Chef,0,,,,,
Xamarin,0,,,,,
XenMobile,0,,,,,
PowerApps,0,,,,,
SAP BASIS,0,,,,,
Networking,4,17200.0,18500.0,8133.879763065102,7800.0,24000.0
MECM,0,,,,,
.Net 4.5,6,14500.0,12000.0,3872.983346207417,12000.0,19500.0
SQL Profiler,0,,,,,
Bootstrap,6,12000.0,8000.0,7266.36084983398,8000.0,26000.0
"Amazon Aurora (mySQL), S3, Parquet, Redshift/Snowflake",6,23500.0,23500.0,1643.1676725154985,22000.0,25000.0
Reporting Services,0,,,,,
Delivery Management,4,20000.0,20000.0,0.0,20000.0,20000.0
SSAS,3,18500.0,18500.0,0.0,18500.0,18500.0
Data analysis,3,18000.0,18000.0,0.0,18000.0,18000.0
Cobol,4,12370.0,11500.0,4845.71288185065,8000.0,18480.0
X++,0,,,,,
IT,1,19000.0,19000.0,,19000.0,19000.0
DAX,3,18666.666666666668,20000.0,7094.598884597588,11000.0,25000.0
Mobile Development,1,12000.0,12000.0,,12000.0,12000.0
software testing,6,13000.0,13000.0,0.0,13000.0,13000.0
ASP.NET Web API,6,12833.333333333334,10000.0,9600.347215943111,5000.0,32000.0
Microsoft Endpoint Configuration Management,0,,,,,
Vue/Angular/React,6,13000.0,13000.0,0.0,13000.0,13000.0
Virtualization,6,20833.333333333332,22000.0,2857.7380332470407,15000.0,22000.0
web,4,28000.0,28000.0,0.0,28000.0,28000.0
AV,4,15000.0,15000.0,0.0,15000.0,15000.0
Splunk,2,11000.0,11000.0,2828.42712474619,9000.0,13000.0
LUA,0,,,,,
System Analysis,6,18814.285,17160.0,2825.7637175372606,16800.0,23590.71
MS Windows,0,,,,,
TCP,5,20000.0,20000.0,0.0,20000.0,20000.0
Gradle,6,16500.0,16500.0,2738.6127875258308,14000.0,19000.0
ECMAScript 6,5,14640.0,17000.0,3323.8531856867567,10000.0,17000.0
Wlan,5,11500.0,11500.0,0.0,11500.0,11500.0
Azure Services,5,21200.0,21000.0,447.21359549995793,21000.0,22000.0
JS ES6,6,12133.333333333334,8000.0,6796.077299933151,8000.0,24000.0
Windows Administration,4,10000.0,9000.0,4242.640687119285,6000.0,16000.0
"React, Flask",6,23500.0,23500.0,1643.1676725154985,22000.0,25000.0
Android Studio,6,14000.0,13500.0,2049.3901531919196,12000.0,18000.0
Relacyjne Bazy Danych,6,11000.0,10000.0,2449.489742783178,10000.0,16000.0
Public Clouds,6,22000.0,22000.0,0.0,22000.0,22000.0
Linux / Unix,4,13325.0,15000.0,3350.0,8300.0,15000.0
2D graphics/algorithms,6,22500.0,22500.0,0.0,22500.0,22500.0
Microsoft 365 Modern Workplace,5,16750.0,16750.0,0.0,16750.0,16750.0
SoC,4,16750.0,16750.0,0.0,16750.0,16750.0
Django Rest Framework,5,11000.0,10000.0,2236.06797749979,10000.0,15000.0
SpringBoot 2* and Spring,0,,,,,
JavaScript Framework,1,22000.0,22000.0,,22000.0,22000.0
User Stories,0,,,,,
MuleSoft,2,26040.0,26040.0,1187.9393923933999,25200.0,26880.0
Azure Infrastructure,5,22700.0,22700.0,0.0,22700.0,22700.0
Oracle 19c,0,,,,,
Microsoft SQL,4,12287.5,12325.0,2132.437963146095,10000.0,14500.0
Design Patterns,4,18217.5,17935.0,7396.568461117628,11000.0,26000.0
Microsoft Office 365 Online,0,,,,,
Node,4,22675.0,21350.0,3771.2729946266154,20000.0,28000.0
"Junit with Mockito ,Spock",0,,,,,
Client Management,4,20000.0,20000.0,0.0,20000.0,20000.0
Outlook,0,,,,,
Web Hosting,0,,,,,
ABAP,4,16000.0,16000.0,0.0,16000.0,16000.0
Elektronika,0,,,,,
Java 17,5,20296.0,20160.0,2481.870262523809,17000.0,24000.0
.net core mvc,1,30000.0,30000.0,,30000.0,30000.0
Sales Cloud,1,28954.0,28954.0,,28954.0,28954.0
Dynatrace,0,,,,,
Red Hat,2,15500.0,15500.0,9192.388155425118,9000.0,22000.0
SAP EWM,1,18000.0,18000.0,,18000.0,18000.0
Microsoft Stack,5,16750.0,16750.0,0.0,16750.0,16750.0
Business Development,5,16750.0,16750.0,0.0,16750.0,16750.0
Data Management,4,17550.0,17600.0,100.0,17400.0,17600.0
Dart,2,8175.0,8175.0,247.48737341529164,8000.0,8350.0
SoapUI,1,24200.0,24200.0,,24200.0,24200.0
EBS,0,,,,,
Murex,5,17120.0,15000.0,4740.4641122995545,15000.0,25600.0
Apps technologies,5,22700.0,22700.0,0.0,22700.0,22700.0
DLP,1,35280.0,35280.0,,35280.0,35280.0
Java SE,5,14940.0,14000.0,2101.9038988498023,14000.0,18700.0
Computer Vision,4,21500.0,18000.0,7000.0,18000.0,32000.0
Microsoft Sentinel,4,16750.0,16750.0,0.0,16750.0,16750.0
Mac OS,2,5500.0,5500.0,707.1067811865476,5000.0,6000.0
HTTP,3,15000.0,15000.0,7000.0,8000.0,22000.0
CICD Automation,5,22700.0,22700.0,0.0,22700.0,22700.0
Symfony 3,0,,,,,
Sencha EXT JS,0,,,,,
JavaScript (ES6+),5,15280.0,17000.0,3846.0369212996384,8400.0,17000.0
Pandas,4,15705.0,14160.0,11371.371948889897,4500.0,30000.0
OLAP,5,10400.0,10000.0,894.4271909999159,10000.0,12000.0
Angular 4+,0,,,,,
AIX,1,15750.0,15750.0,,15750.0,15750.0
fastapi,5,14432.0,13000.0,3202.049343779699,13000.0,20160.0
SIEM,3,12000.0,12000.0,0.0,12000.0,12000.0
Unreal Engine 4,5,17000.0,18000.0,5385.164807134504,12000.0,25000.0
other,0,,,,,
SVN,5,14880.0,18000.0,4708.715323737463,7400.0,18000.0
Azure Data Lake,1,28560.0,28560.0,,28560.0,28560.0
UI5,4,16000.0,16000.0,0.0,16000.0,16000.0
Trading voice,0,,,,,
UIKit,5,13900.0,12300.0,2728.5527299284504,12300.0,18600.0
RTOS,3,17280.0,20000.0,6371.436258803818,10000.0,21840.0
Power Aps,5,6850.0,6850.0,0.0,6850.0,6850.0
MS Office 365,0,,,,,
Scripting,4,15329.91,15000.0,6250.09755916391,8085.0,23234.64
UiPath,0,,,,,
BluePrism,0,,,,,
STL,5,12600.0,11000.0,3130.4951684997054,10000.0,16000.0
pyth,1,11000.0,11000.0,,11000.0,11000.0
JBoss,0,,,,,
Google Cloud Platform (GCP),0,,,,,
Symfony 5,4,11000.0,11000.0,0.0,11000.0,11000.0
Security testing tools,4,16000.0,16000.0,0.0,16000.0,16000.0
CI/CD tools,4,22560.0,22500.0,6548.363663287697,15000.0,30240.0
Auto Layout,4,14750.0,17000.0,4500.0,8000.0,17000.0
Slim,3,12870.0,12870.0,0.0,12870.0,12870.0
Azure Data Services,0,,,,,
ABAP OO,0,,,,,
ISO 21434,0,,,,,
Debian,4,9500.0,9000.0,1000.0,9000.0,11000.0
Cloud deployment – GCP or AWS DevOps skills,4,25000.0,25000.0,0.0,25000.0,25000.0
Java or Go,4,25000.0,25000.0,0.0,25000.0,25000.0
data analytics,4,15000.0,15000.0,0.0,15000.0,15000.0
ISC2,0,,,,,
Tosca,0,,,,,
Harness,4,22000.0,22000.0,0.0,22000.0,22000.0
Observability,0,,,,,
Endpoint,4,15000.0,15000.0,0.0,15000.0,15000.0
SDLC,3,15826.666666666666,18480.0,5052.735232854908,10000.0,19000.0
PHP v7.4,3,12870.0,12870.0,0.0,12870.0,12870.0
Matlab,1,15120.0,15120.0,,15120.0,15120.0
UI testing,0,,,,,
IIS,1,16000.0,16000.0,,16000.0,16000.0
GKE,4,19000.0,19000.0,0.0,19000.0,19000.0
Monitoring systems,4,16870.0,20160.0,6580.0,7000.0,20160.0
Elixir,0,,,,,
Azure CI/CD,4,16750.0,16750.0,0.0,16750.0,16750.0
AWS Cloud platform,0,,,,,
boost c++,4,11000.0,11000.0,0.0,11000.0,11000.0
CyberArk,0,,,,,
Datawarehousing,4,7000.0,7000.0,0.0,7000.0,7000.0
Tomcat,1,14000.0,14000.0,,14000.0,14000.0
HTML4,4,15500.0,15500.0,0.0,15500.0,15500.0
BigData,4,10000.0,10000.0,0.0,10000.0,10000.0
GDPR,3,19200.0,19200.0,0.0,19200.0,19200.0
Cloud Infrastructure,0,,,,,
Google Tag Manager,2,7750.0,7750.0,353.5533905932738,7500.0,8000.0
Scada,4,23350.0,23350.0,0.0,23350.0,23350.0
Pydantic,4,16500.0,18000.0,3000.0,12000.0,18000.0
Apache Kafka,0,,,,,
Microsoft Dynamics NAV,0,,,,,
monitoring,0,,,,,
Adobe CC,0,,,,,
PM,2,12000.0,12000.0,5656.85424949238,8000.0,16000.0
MC Azure,0,,,,,
ASPICE,0,,,,,
product development,4,17000.0,17000.0,0.0,17000.0,17000.0
Język Niemiecki,4,3864.0,3864.0,0.0,3864.0,3864.0
NLU,4,14500.0,14500.0,0.0,14500.0,14500.0
Databricks,0,,,,,
ROS,3,20000.0,20000.0,0.0,20000.0,20000.0
"MVC, WEB API",3,14944.0,14944.0,0.0,14944.0,14944.0
BMPN,4,16800.0,16800.0,0.0,16800.0,16800.0
Customer Engagement,0,,,,,
AAD,4,16750.0,16750.0,0.0,16750.0,16750.0
4D,0,,,,,
CompTIA,0,,,,,
WebService,0,,,,,
Power Query,3,12333.333333333334,11000.0,3214.5502536643185,10000.0,16000.0
threat modeling,4,16000.0,16000.0,0.0,16000.0,16000.0
OpenStack,1,18000.0,18000.0,,18000.0,18000.0
Technology,0,,,,,
SAP ERP,1,18000.0,18000.0,,18000.0,18000.0
Microsoft Sharepoint,0,,,,,
Synapse,0,,,,,
SAP FI/CO/AA/RE-FX/PS,0,,,,,
Mobile Apps,3,14230.0,16345.0,3663.2874580081757,10000.0,16345.0
IAM security,4,12000.0,12000.0,0.0,12000.0,12000.0
Cloud architecture,4,18472.5,15135.0,6685.01495884639,15120.0,28500.0
Cloud Engineering,0,,,,,
SAS4GL,0,,,,,
ISO26262,0,,,,,
Objective-C,4,18000.0,17000.0,2000.0,17000.0,21000.0
JVM,4,21300.0,21850.0,7215.261603018978,14000.0,27500.0
Java EE,4,13030.0,13000.0,1870.0089126347323,11000.0,15120.0
React.JS,3,17466.666666666668,12000.0,12714.296415190787,8400.0,32000.0
Deep Learning,4,24000.0,26500.0,13341.664064126333,8000.0,35000.0
Mule,4,7500.0,7500.0,0.0,7500.0,7500.0
CodeIgniter,3,12870.0,12870.0,0.0,12870.0,12870.0
SME,0,,,,,
Selenide,4,12936.0,12936.0,0.0,12936.0,12936.0
SwiftUI,4,19000.0,17000.0,4000.0,17000.0,25000.0
SSRS,4,18875.0,18500.0,750.0,18500.0,20000.0
OBIEE,4,13650.0,13650.0,0.0,13650.0,13650.0
BY RedPrairie Dispatcher,0,,,,,
Blue Coat,4,22000.0,22000.0,0.0,22000.0,22000.0
MFA,0,,,,,
Directory Services,0,,,,,
Spring Framework,4,17375.0,18000.0,4643.543905251678,12000.0,21500.0
jeden obiektowy język programowania,4,3864.0,3864.0,0.0,3864.0,3864.0
Node.js Express,4,21610.0,18480.0,6260.0,18480.0,31000.0
Composer,1,18480.0,18480.0,,18480.0,18480.0
routing,2,14000.0,14000.0,0.0,14000.0,14000.0
Dynamics,3,31050.0,31050.0,0.0,31050.0,31050.0
HotJar,1,16000.0,16000.0,,16000.0,16000.0
React.js.,0,,,,,
Algorithms,3,18000.0,18000.0,0.0,18000.0,18000.0
Admin,0,,,,,
PostgreSQL/MongoDB,3,16000.0,16000.0,0.0,16000.0,16000.0
Azure AD,0,,,,,
AMPScript,3,10000.0,10000.0,0.0,10000.0,10000.0
GitFLow,1,8000.0,8000.0,,8000.0,8000.0
Angular 8+,3,15333.333333333334,14000.0,6110.100926607786,10000.0,22000.0
RPG,3,29813.28,29813.28,0.0,29813.28,29813.28
Public Cloud,3,17000.0,17000.0,0.0,17000.0,17000.0
Prometheus,0,,,,,
Testing Mobile Apps,1,23000.0,23000.0,,23000.0,23000.0
hybris,3,17160.0,17160.0,0.0,17160.0,17160.0
Linux/Windows,3,9100.0,6150.0,5109.549882328188,6150.0,15000.0
Zarządzanie incydentami bezpieczeństwa,0,,,,,
jakarta,3,17700.0,17700.0,0.0,17700.0,17700.0
eCommerce,3,11833.333333333334,12000.0,1656.3010998406457,10100.0,13400.0
PMI,0,,,,,
Relational Databases,2,28560.0,28560.0,0.0,28560.0,28560.0
Logical Thinking,0,,,,,
Cloud Ops,1,19614.0,19614.0,,19614.0,19614.0
backbone.js,3,25000.0,25000.0,0.0,25000.0,25000.0
WebLogic,1,20000.0,20000.0,,20000.0,20000.0
BPM,2,22840.0,22840.0,5883.128419472076,18680.0,27000.0
SAP CO,3,20293.333333333332,18000.0,5791.211732732048,16000.0,26880.0
Azure SQL Server,0,,,,,
Asana,3,7000.0,7000.0,0.0,7000.0,7000.0
C++11,3,14026.666666666666,16000.0,3417.9135936025846,10080.0,16000.0
Python (preferred),3,23500.0,23500.0,0.0,23500.0,23500.0
Angular 7,3,32175.0,32175.0,0.0,32175.0,32175.0
IBMi MQ,3,29813.28,29813.28,0.0,29813.28,29813.28
HCM,0,,,,,
Linux/Unix OS,0,,,,,
Windows OS,0,,,,,
data standards,3,17600.0,17600.0,0.0,17600.0,17600.0
SSL-VPN,0,,,,,
B2B Contracts,0,,,,,
data centre,0,,,,,
MVVM,3,17243.666666666668,16731.0,4521.849216120915,13000.0,22000.0
MCUs,3,17666.666666666668,18000.0,2516.6114784235833,15000.0,20000.0
Endpoint Protection (Antivirus),0,,,,,
ERWIN,0,,,,,
MFC,3,19000.0,19000.0,0.0,19000.0,19000.0
NIST,3,14000.0,14000.0,0.0,14000.0,14000.0
Redmine,2,13500.0,13500.0,2121.3203435596424,12000.0,15000.0
CSA,3,14000.0,14000.0,0.0,14000.0,14000.0
ST,3,5500.0,5500.0,0.0,5500.0,5500.0
Cloud security,1,35100.0,35100.0,,35100.0,35100.0
CI/CD pipelines / automation suits,3,21840.0,21840.0,0.0,21840.0,21840.0
JD Edwards,0,,,,,
ARM,3,17333.333333333332,17000.0,2516.6114784235833,15000.0,20000.0
Basics of algorithmics,0,,,,,
scripting skills,3,8000.0,8000.0,0.0,8000.0,8000.0
QlikView,1,13000.0,13000.0,,13000.0,13000.0
Sieć LAN,0,,,,,
Unreal Engine 5,3,16000.0,18000.0,3464.1016151377544,12000.0,18000.0
VLSM,0,,,,,
Code Review,3,29435.0,30000.0,7328.852229373983,21840.0,36465.0
Documentum,3,29421.0,29421.0,0.0,29421.0,29421.0
Web Application Testing,3,9833.333333333334,9500.0,3511.8845842842466,6500.0,13500.0
Data Structures,3,18000.0,18000.0,0.0,18000.0,18000.0
jQuery,1,9000.0,9000.0,,9000.0,9000.0
experience,0,,,,,
C++17,3,11066.666666666666,10000.0,1847.5208614068024,10000.0,13200.0
Sentinel,3,12000.0,12000.0,0.0,12000.0,12000.0
Test Design Techniques,3,8000.0,8000.0,0.0,8000.0,8000.0
programmatic,3,8500.0,8500.0,0.0,8500.0,8500.0
Adobe Analytics,0,,,,,
MS-Windows,0,,,,,
Mantas,0,,,,,
IMS,0,,,,,
Data procesing,3,17960.0,17960.0,0.0,17960.0,17960.0
UX/UI,0,,,,,
GitLab CI/CD,3,25000.0,25000.0,0.0,25000.0,25000.0
Amplitude,3,12000.0,12000.0,0.0,12000.0,12000.0
OpenBabel,3,18000.0,18000.0,0.0,18000.0,18000.0
UTM,0,,,,,
Adobe Experience Manager,0,,,,,
Merger&Acquistion,0,,,,,
JavaScript/TypeScript,3,16500.0,16000.0,2783.882181415011,14000.0,19500.0
mobx-state-tree,3,20000.0,20000.0,0.0,20000.0,20000.0
Google Ad Manager (GAM),3,8500.0,8500.0,0.0,8500.0,8500.0
Matomo,0,,,,,
Web API,0,,,,,
Splunk Enterprise,3,12000.0,12000.0,0.0,12000.0,12000.0
SAS 4 GL,3,21840.0,21840.0,0.0,21840.0,21840.0
VoiP,0,,,,,
LWC,3,21733.333333333332,17600.0,7159.143337951359,17600.0,30000.0
"HTML, CSS",2,16345.0,16345.0,0.0,16345.0,16345.0
Actimize,0,,,,,
Sequence diagrams,3,6000.0,6000.0,0.0,6000.0,6000.0
ERStudio,0,,,,,
object-oriented programming,3,15002.666666666666,16000.0,8539.790473620142,6008.0,23000.0
FAIR data principles,3,17600.0,17600.0,0.0,17600.0,17600.0
Product design,2,12100.0,12100.0,1272.7922061357856,11200.0,13000.0
Microsoft Exchange,0,,,,,
FinTech,1,5500.0,5500.0,,5500.0,5500.0
Java 11/17,3,21000.0,21000.0,0.0,21000.0,21000.0
Web Server,0,,,,,
5G,0,,,,,
PWA,0,,,,,
After Effects,0,,,,,
"AWS (EC2, ECS), Buildkite, ELK, Docker",3,25000.0,25000.0,0.0,25000.0,25000.0
Drupal,2,8250.0,8250.0,4596.194077712559,5000.0,11500.0
Lean,2,15500.0,15500.0,12020.815280171308,7000.0,24000.0
Microsoft Dynamics CRM on Dynamics 365 for Sales (online),3,32000.0,32000.0,0.0,32000.0,32000.0
Plastic,3,6720.0,6720.0,0.0,6720.0,6720.0
HTTP protocol,3,22666.666666666668,22000.0,7023.769168568493,16000.0,30000.0
RDKit,3,18000.0,18000.0,0.0,18000.0,18000.0
Data Warehousing,3,25706.666666666668,28560.0,4942.1183042631965,20000.0,28560.0
Sprin,0,,,,,
Keras,2,19000.0,19000.0,1414.213562373095,18000.0,20000.0
Conga,2,19305.0,19305.0,0.0,19305.0,19305.0
Product Ownership,3,11700.0,11700.0,0.0,11700.0,11700.0
Responsive Web Design,3,18000.0,18000.0,0.0,18000.0,18000.0
RHEL,3,12916.666666666666,14000.0,3502.9749261639504,9000.0,15750.0
Product Designer,3,10000.0,10000.0,0.0,10000.0,10000.0
Couchbase,3,20000.0,20000.0,0.0,20000.0,20000.0
Ilustrator,0,,,,,
SOC 2,3,19200.0,19200.0,0.0,19200.0,19200.0
IT Contracts,0,,,,,
HTML/CSS,2,26000.0,26000.0,7071.067811865475,21000.0,31000.0
business analyst,1,15000.0,15000.0,,15000.0,15000.0
virtual machine,2,7200.0,7200.0,0.0,7200.0,7200.0
GIS,0,,,,,
Network Security,1,22000.0,22000.0,,22000.0,22000.0
Continuous Improvement,0,,,,,
AD DS,0,,,,,
Pentaho,2,21450.0,21450.0,0.0,21450.0,21450.0
KYC,1,12800.0,12800.0,,12800.0,12800.0
Inne systemy ERP,0,,,,,
switching,2,14000.0,14000.0,0.0,14000.0,14000.0
PWA Studio,2,13440.0,13440.0,4751.7575695735995,10080.0,16800.0
PL/pgSQL,0,,,,,
POS,0,,,,,
Oracle Business Intelligence,0,,,,,
z/os,2,15000.0,15000.0,9899.494936611665,8000.0,22000.0
WinForms,2,10000.0,10000.0,0.0,10000.0,10000.0
SAP S/4HANA,1,33600.0,33600.0,,33600.0,33600.0
C#.NET,2,10000.0,10000.0,0.0,10000.0,10000.0
Yii,2,12500.0,12500.0,3535.5339059327375,10000.0,15000.0
Mobile Solutions,0,,,,,
BPML,1,10000.0,10000.0,,10000.0,10000.0
VBS,0,,,,,
OSPF,1,15000.0,15000.0,,15000.0,15000.0
Perl,0,,,,,
SAP BW,1,20000.0,20000.0,,20000.0,20000.0
Spanish,1,4000.0,4000.0,,4000.0,4000.0
Information Management,0,,,,,
Symfony 5+,2,19000.0,19000.0,0.0,19000.0,19000.0
4gl,1,24360.0,24360.0,,24360.0,24360.0
DHCP,0,,,,,
MS Project,0,,,,,
ISO 27000,0,,,,,
Youtrack,2,13435.0,13435.0,799.0306627407987,12870.0,14000.0
Axure,1,14500.0,14500.0,,14500.0,14500.0
S/4 HANA,0,,,,,
Hardware Asset Management,2,19550.0,19550.0,8555.992052357225,13500.0,25600.0
Nagios,2,19449.0,19449.0,777.8174593052023,18899.0,19999.0
Oracle Data Integrator,0,,,,,
AKS,0,,,,,
Power Platform AI Builder,0,,,,,
Solaris,1,28560.0,28560.0,,28560.0,28560.0
CCNA,0,,,,,
Support,1,4000.0,4000.0,,4000.0,4000.0
MOBX,2,18900.0,18900.0,0.0,18900.0,18900.0
Azure Functions,2,23500.0,23500.0,707.1067811865476,23000.0,24000.0
Java 8/11,2,20580.0,20580.0,593.9696961966999,20160.0,21000.0
JSF,2,24750.0,24750.0,4596.194077712559,21500.0,28000.0
Azure SQL,2,27500.0,27500.0,3535.5339059327375,25000.0,30000.0
Nest,2,16000.0,16000.0,5656.85424949238,12000.0,20000.0
CDK,2,23500.0,23500.0,2121.3203435596424,22000.0,25000.0
LTE,0,,,,,
Infrastructure as code,2,22000.0,22000.0,0.0,22000.0,22000.0
OWASP,1,25000.0,25000.0,,25000.0,25000.0
Linux (Bash),0,,,,,
FI/CO,1,90000.0,90000.0,,90000.0,90000.0
CEH,0,,,,,
Symfony 4+,2,12400.0,12400.0,1838.4776310850236,11100.0,13700.0
IT Continuity,0,,,,,
Cloud Platforms,1,24000.0,24000.0,,24000.0,24000.0
Workday,0,,,,,
Coroutines,2,20000.0,20000.0,0.0,20000.0,20000.0
ITIL Service,2,6150.0,6150.0,0.0,6150.0,6150.0
Back-end,0,,,,,
SAP HCM,1,18000.0,18000.0,,18000.0,18000.0
Design,2,22500.0,22500.0,4949.747468305833,19000.0,26000.0
analiza,1,12000.0,12000.0,,12000.0,12000.0
Service Delivery,0,,,,,
UX/CX,0,,,,,
F5,0,,,,,
EDI,0,,,,,
Zarządzanie Projektami,0,,,,,
Comarch XL,0,,,,,
Linux (terminal),2,8000.0,8000.0,0.0,8000.0,8000.0
CMDB,2,18000.0,18000.0,2828.42712474619,16000.0,20000.0
Swif,0,,,,,
Oracle Analytics Server,0,,,,,
BDD,1,22000.0,22000.0,,22000.0,22000.0
Xray,2,19500.0,19500.0,4949.747468305833,16000.0,23000.0
workflow,0,,,,,
IP,0,,,,,
CQRS,1,17000.0,17000.0,,17000.0,17000.0
Atlassian,0,,,,,
IaaS Virtual Machines,0,,,,,
Service Desk,0,,,,,
WCF,2,10000.0,10000.0,0.0,10000.0,10000.0
IFPUG,0,,,,,
Containers,0,,,,,
Microsoft Cloud,2,40320.0,40320.0,0.0,40320.0,40320.0
Agile (SCRUM/Kanban),2,20500.0,20500.0,7778.174593052023,15000.0,26000.0
RxJava,1,18000.0,18000.0,,18000.0,18000.0
Automation Tools,2,26737.32,26737.32,4953.537560652992,23234.64,30240.0
.Net 5,2,8000.0,8000.0,0.0,8000.0,8000.0
OutSystems,0,,,,,
Cognos Analytics,0,,,,,
Linux Kernel,1,14000.0,14000.0,,14000.0,14000.0
Open Source Solutions,2,16800.0,16800.0,0.0,16800.0,16800.0
Meraki,2,17000.0,17000.0,7071.067811865475,12000.0,22000.0
Kibana,2,19449.0,19449.0,777.8174593052023,18899.0,19999.0
Web Development,0,,,,,
Telco,0,,,,,
OSCP,0,,,,,
MS-SQL,0,,,,,
MS Power BI,0,,,,,
PHP 8/8.1,2,19000.0,19000.0,0.0,19000.0,19000.0
Symphony,1,6000.0,6000.0,,6000.0,6000.0
Low-code,0,,,,,
Azure PaaS,2,20000.0,20000.0,0.0,20000.0,20000.0
digital workplace,0,,,,,
Cypress.io,2,19920.0,19920.0,2715.2900397563426,18000.0,21840.0
SQL/NoSQL,2,18000.0,18000.0,0.0,18000.0,18000.0
maze,0,,,,,
Netcode,2,15000.0,15000.0,4242.640687119285,12000.0,18000.0
Looker,2,18000.0,18000.0,1414.213562373095,17000.0,19000.0
IPS,0,,,,,
ML,2,23500.0,23500.0,4949.747468305833,20000.0,27000.0
AI,2,22500.0,22500.0,6363.961030678927,18000.0,27000.0
MVC frameworks,2,9500.0,9500.0,2121.3203435596424,8000.0,11000.0
UI tools,0,,,,,
NESMA,0,,,,,
Język Angielski,1,12000.0,12000.0,,12000.0,12000.0
SQLAlchemy,2,19080.0,19080.0,1527.3506473629427,18000.0,20160.0
С++,0,,,,,
IBM Cloud,2,28950.0,28950.0,636.3961030678928,28500.0,29400.0
Angular 13,1,23000.0,23000.0,,23000.0,23000.0
Linux (Debian),0,,,,,
Azure Databricks,2,31920.0,31920.0,2375.8787847867998,30240.0,33600.0
JMeter,1,26800.0,26800.0,,26800.0,26800.0
UX Wireframe,2,35000.0,35000.0,0.0,35000.0,35000.0
SAP HR,0,,,,,
Mac,0,,,,,
UMTS,0,,,,,
Azure Cubes,2,31920.0,31920.0,2375.8787847867998,30240.0,33600.0
Data Lake,2,37800.0,37800.0,1187.9393923933999,36960.0,38640.0
System Administration,2,15000.0,15000.0,4242.640687119285,12000.0,18000.0
BLOC,2,13000.0,13000.0,1414.213562373095,12000.0,14000.0
RDBMS,1,14500.0,14500.0,,14500.0,14500.0
Niagara,2,15000.0,15000.0,4242.640687119285,12000.0,18000.0
EC2,2,24000.0,24000.0,2828.42712474619,22000.0,26000.0
Statistics,1,20000.0,20000.0,,20000.0,20000.0
Microstrategy,0,,,,,
API Management,2,37800.0,37800.0,1187.9393923933999,36960.0,38640.0
automation,0,,,,,
Webpack,2,15000.0,15000.0,7071.067811865475,10000.0,20000.0
OOPS concepts,1,18000.0,18000.0,,18000.0,18000.0
Boomi,0,,,,,
good time management,0,,,,,
Electron,1,7000.0,7000.0,,7000.0,7000.0
Selenium Webdriver/ Playwright,1,19300.0,19300.0,,19300.0,19300.0
Visual Basic,1,25000.0,25000.0,,25000.0,25000.0
Eclipse,1,23520.0,23520.0,,23520.0,23520.0
C programming,0,,,,,
Combine,1,20000.0,20000.0,,20000.0,20000.0
UMTS/LTE/5G,0,,,,,
Remedyforce,1,25000.0,25000.0,,25000.0,25000.0
SLA,0,,,,,
obsługa klienta,0,,,,,
DB2,1,18000.0,18000.0,,18000.0,18000.0
Polish B2,0,,,,,
Linux RHEL,0,,,,,
Web UI Testing,0,,,,,
javasc,1,25000.0,25000.0,,25000.0,25000.0
tailwind,0,,,,,
Kontakt z klientem,1,13000.0,13000.0,,13000.0,13000.0
Writing test cases,1,6000.0,6000.0,,6000.0,6000.0
iOS or Android,1,14000.0,14000.0,,14000.0,14000.0
NAS,0,,,,,
AWS EKS,1,27000.0,27000.0,,27000.0,27000.0
Clarity PPM,1,9000.0,9000.0,,9000.0,9000.0
PHP 5.6/7.3,1,10000.0,10000.0,,10000.0,10000.0
English in speech,1,4500.0,4500.0,,4500.0,4500.0
Zarządzanie ryzykiem,1,16000.0,16000.0,,16000.0,16000.0
MS Power Point,0,,,,,
JobIT,1,15000.0,15000.0,,15000.0,15000.0
SEO,0,,,,,
Cloud Providers,0,,,,,
Identity Protection,1,30250.0,30250.0,,30250.0,30250.0
ACF,1,7000.0,7000.0,,7000.0,7000.0
SAN,0,,,,,
dev,0,,,,,
Wireshark,1,5600.0,5600.0,,5600.0,5600.0
MVP,1,12000.0,12000.0,,12000.0,12000.0
Spark 3.x,1,20160.0,20160.0,,20160.0,20160.0
WebFlux,1,27500.0,27500.0,,27500.0,27500.0
DATA MODELLING,1,14400.0,14400.0,,14400.0,14400.0
Tibco,1,20000.0,20000.0,,20000.0,20000.0
prowadzenie zespołu,0,,,,,
Angular 14,1,28000.0,28000.0,,28000.0,28000.0
Jira/Confluence,1,15000.0,15000.0,,15000.0,15000.0
OMP DSBM,1,14500.0,14500.0,,14500.0,14500.0
SCOM,0,,,,,
CI context,1,22000.0,22000.0,,22000.0,22000.0
MLC,1,15000.0,15000.0,,15000.0,15000.0
oracle ADF,1,13300.0,13300.0,,13300.0,13300.0
SAP CRM,0,,,,,
Gosu,1,12000.0,12000.0,,12000.0,12000.0
Helm,1,9400.0,9400.0,,9400.0,9400.0
ASP .NET Core,1,17000.0,17000.0,,17000.0,17000.0
Data Integration,1,20160.0,20160.0,,20160.0,20160.0
Testing Tools,1,6000.0,6000.0,,6000.0,6000.0
Icinga,1,16000.0,16000.0,,16000.0,16000.0
MS PowerApps,1,21000.0,21000.0,,21000.0,21000.0
DevTools,1,13000.0,13000.0,,13000.0,13000.0
scikit-learn,1,4500.0,4500.0,,4500.0,4500.0
U-boot,0,,,,,
Static Application Security Testing (SAST),1,16800.0,16800.0,,16800.0,16800.0
Aurora,1,20000.0,20000.0,,20000.0,20000.0
SAP SD/MM,0,,,,,
*React,1,26000.0,26000.0,,26000.0,26000.0
Java or Go or Python,1,25000.0,25000.0,,25000.0,25000.0
Solaris 11,1,17000.0,17000.0,,17000.0,17000.0
Trello,1,12870.0,12870.0,,12870.0,12870.0
sprzęt telekomunikacyjny,0,,,,,
Firebase,1,14000.0,14000.0,,14000.0,14000.0
Canva,0,,,,,
TLS,0,,,,,
ORM,1,20000.0,20000.0,,20000.0,20000.0
Governance,1,19000.0,19000.0,,19000.0,19000.0
Maxipanel,1,20000.0,20000.0,,20000.0,20000.0
PHP 5/7,1,7000.0,7000.0,,7000.0,7000.0
Server Core,1,8500.0,8500.0,,8500.0,8500.0
Test automation frameworks,1,13299.0,13299.0,,13299.0,13299.0
PSM II,1,14000.0,14000.0,,14000.0,14000.0
DDos,0,,,,,
Go/C/C++/Python,1,20000.0,20000.0,,20000.0,20000.0
Infor LX,1,20000.0,20000.0,,20000.0,20000.0
Client Service,0,,,,,
Simcorp Dimension,0,,,,,
Webflow,1,13600.0,13600.0,,13600.0,13600.0
Windows 11,0,,,,,
BMC Helix ITSM,0,,,,,
.Net 4.0+,1,14000.0,14000.0,,14000.0,14000.0
Spira,0,,,,,
Shell,1,10000.0,10000.0,,10000.0,10000.0
docer,0,,,,,
Delta Lake,1,19305.0,19305.0,,19305.0,19305.0
SAP ABAP,0,,,,,
cats,1,27000.0,27000.0,,27000.0,27000.0
Gherkin,1,11000.0,11000.0,,11000.0,11000.0
Smalltalk,1,18000.0,18000.0,,18000.0,18000.0
Atomic UC4,0,,,,,
Oracle PL/SQL,1,13300.0,13300.0,,13300.0,13300.0
SAP Migration tools,1,33600.0,33600.0,,33600.0,33600.0
GSUITE,1,8000.0,8000.0,,8000.0,8000.0
hiszpański,1,4000.0,4000.0,,4000.0,4000.0
PHP version 7 and higher,1,5000.0,5000.0,,5000.0,5000.0
Bamboo,1,14000.0,14000.0,,14000.0,14000.0
SAP Technical Architect / BASIS,0,,,,,
Metabase,1,8000.0,8000.0,,8000.0,8000.0
BBA,1,14500.0,14500.0,,14500.0,14500.0
Technical expertise,0,,,,,
sd,1,28020.0,28020.0,,28020.0,28020.0
Adobe Forms,0,,,,,
SAP FICO,0,,,,,
L2,0,,,,,
Bank's Systems architecture,1,15000.0,15000.0,,15000.0,15000.0
Zarządzanie zespołem,0,,,,,
Boo,1,5000.0,5000.0,,5000.0,5000.0
UNIX \ LINUX,1,7000.0,7000.0,,7000.0,7000.0
Business Continuity,0,,,,,
Redshift,1,19000.0,19000.0,,19000.0,19000.0
Embedded SW development,0,,,,,
asyncio,0,,,,,
PO/PM,1,18000.0,18000.0,,18000.0,18000.0
finance,0,,,,,
.NET and C#,0,,,,,
TDM,0,,,,,
routing protocols,1,15000.0,15000.0,,15000.0,15000.0
RTE,1,18000.0,18000.0,,18000.0,18000.0
Tech Lead,1,14000.0,14000.0,,14000.0,14000.0
Qlik Sense,1,13000.0,13000.0,,13000.0,13000.0
NLP algorithms,0,,,,,
Java/Python,1,25792.0,25792.0,,25792.0,25792.0
Java/Kotlin,1,20160.0,20160.0,,20160.0,20160.0
OpenAPI,1,12000.0,12000.0,,12000.0,12000.0
Centrum,1,6000.0,6000.0,,6000.0,6000.0
REST/JSON,1,18000.0,18000.0,,18000.0,18000.0
SAP PS,1,18000.0,18000.0,,18000.0,18000.0
Linux VMs,1,19000.0,19000.0,,19000.0,19000.0
CFIN/SLT,0,,,,,
KYC processes,0,,,,,
Rok,1,23000.0,23000.0,,23000.0,23000.0
Chatbot,0,,,,,
Photoshop/Illustrator/InDesign or similar,1,12000.0,12000.0,,12000.0,12000.0
oscilloscopes,1,4000.0,4000.0,,4000.0,4000.0
SecDevOps,0,,,,,
SAP BTP Cloud Integration (CPI),1,17000.0,17000.0,,17000.0,17000.0
SAP OTC,0,,,,,
AX 2012,0,,,,,
NUnit,1,19300.0,19300.0,,19300.0,19300.0
mpls,0,,,,,
MS DevOps,1,23000.0,23000.0,,23000.0,23000.0
JSP,1,20160.0,20160.0,,20160.0,20160.0
Symphony 5,1,11800.0,11800.0,,11800.0,11800.0
Marketing analytics,1,7200.0,7200.0,,7200.0,7200.0
System Design,1,30000.0,30000.0,,30000.0,30000.0
MS365,1,21840.0,21840.0,,21840.0,21840.0
NetApp,0,,,,,
Vuex,1,9000.0,9000.0,,9000.0,9000.0
Linux/Unix,1,21000.0,21000.0,,21000.0,21000.0
OAS,0,,,,,
SAP PowerDesigner,0,,,,,
Rancher,0,,,,,
Software Quality,0,,,,,
User Acceptance Tests,0,,,,,
ubl,0,,,,,
Control M,1,9000.0,9000.0,,9000.0,9000.0
Infoblox,0,,,,,
Google Analitycs,0,,,,,
AppDynamics,1,15000.0,15000.0,,15000.0,15000.0
JavaScript ES6/7,1,10000.0,10000.0,,10000.0,10000.0
Oneshield,0,,,,,
Cloud Migration,1,28500.0,28500.0,,28500.0,28500.0
UX / UI,0,,,,,
Tech support,1,9000.0,9000.0,,9000.0,9000.0
firewall systems,0,,,,,
Google Workspace,0,,,,,
WMS,1,20000.0,20000.0,,20000.0,20000.0
CDD,1,12800.0,12800.0,,12800.0,12800.0
Ansible/Terraform,1,11000.0,11000.0,,11000.0,11000.0
Facebook Pixel,1,20000.0,20000.0,,20000.0,20000.0
SSL,0,,,,,
Azure DevOps.,0,,,,,
React/Angular,1,25000.0,25000.0,,25000.0,25000.0
WSUS,0,,,,,
MVC,1,10000.0,10000.0,,10000.0,10000.0
DataMart,1,15000.0,15000.0,,15000.0,15000.0
Powershell/Bash/Perl,1,15000.0,15000.0,,15000.0,15000.0
Access,0,,,,,
LDAP,1,8000.0,8000.0,,8000.0,8000.0
MS operating system,1,7800.0,7800.0,,7800.0,7800.0
Six Sigma,1,7000.0,7000.0,,7000.0,7000.0
Magento2,1,10000.0,10000.0,,10000.0,10000.0
Jest,1,12000.0,12000.0,,12000.0,12000.0
LowCode,1,6000.0,6000.0,,6000.0,6000.0
Sparx EA,0,,,,,
Software Asset Management,1,13500.0,13500.0,,13500.0,13500.0
data processing,1,17960.0,17960.0,,17960.0,17960.0
SAP GTS,0,,,,,
CheckMK,1,23520.0,23520.0,,23520.0,23520.0
fintech experience,1,20000.0,20000.0,,20000.0,20000.0
bezpieczeństwo informacji,1,16000.0,16000.0,,16000.0,16000.0
Azure/AWS,1,15000.0,15000.0,,15000.0,15000.0
Acunetix,1,14999.0,14999.0,,14999.0,14999.0
Power Apps,0,,,,,
UAT,0,,,,,
User Research,0,,,,,
liwevire,0,,,,,
Portuguese,0,,,,,
System Integration Tests,0,,,,,
java core,0,,,,,
eBike,0,,,,,
AWS Cloud Native,1,23000.0,23000.0,,23000.0,23000.0
SAP S4/Hana,0,,,,,
IoT,0,,,,,
Java/JavaScript/Python,0,,,,,
Data Visualization,0,,,,,
SUSE,0,,,,,
tcpdump,1,5600.0,5600.0,,5600.0,5600.0
Business Central,0,,,,,
ETL processes,1,12500.0,12500.0,,12500.0,12500.0
Dynamics NAV,0,,,,,
Teradata,0,,,,,
KVM,0,,,,,
Data binding,1,22000.0,22000.0,,22000.0,22000.0
Ember.js,0,,,,,
Juniper,0,,,,,
Data Privacy,1,17400.0,17400.0,,17400.0,17400.0
Sparx,0,,,,,
Axure RP,1,18000.0,18000.0,,18000.0,18000.0
CAF,1,28000.0,28000.0,,28000.0,28000.0
Vulnerability scanning tools e.g. Qualys,1,14999.0,14999.0,,14999.0,14999.0
Flexcube,1,12000.0,12000.0,,12000.0,12000.0
B2B Sales,1,13000.0,13000.0,,13000.0,13000.0
WAF,0,,,,,
xsl,0,,,,,
JMS,1,14800.0,14800.0,,14800.0,14800.0
SAS Viya,0,,,,,
API .NET Standard,1,13440.0,13440.0,,13440.0,13440.0
GUI,1,18480.0,18480.0,,18480.0,18480.0
French,0,,,,,
.NET5,0,,,,,
Enterprise Architekt,0,,,,,
Shopware,0,,,,,
AD/ADAS,0,,,,,
Mobile Robotics,0,,,,,
(SAP LE,0,,,,,
GitHub on ELK,0,,,,,
Windows API,1,10000.0,10000.0,,10000.0,10000.0
Cloud environments,1,25000.0,25000.0,,25000.0,25000.0
RAML,1,26880.0,26880.0,,26880.0,26880.0
Keyword Planner,1,6000.0,6000.0,,6000.0,6000.0
SAP PO,0,,,,,
Writing,1,15000.0,15000.0,,15000.0,15000.0
Portale,1,27000.0,27000.0,,27000.0,27000.0
Java Server Faces,1,11000.0,11000.0,,11000.0,11000.0
Angular 11,1,18480.0,18480.0,,18480.0,18480.0
System administrator,0,,,,,
Java11,1,10000.0,10000.0,,10000.0,10000.0
Agile methods,1,33600.0,33600.0,,33600.0,33600.0
Solidity,1,27000.0,27000.0,,27000.0,27000.0
Clickup,1,9000.0,9000.0,,9000.0,9000.0
MS Sharepoint,1,21000.0,21000.0,,21000.0,21000.0
IT Service Management,0,,,,,
Docker/Kubernetes,0,,,,,
Dynamics 365 CE,1,25000.0,25000.0,,25000.0,25000.0
Debugging skills,1,10000.0,10000.0,,10000.0,10000.0
copywriting,1,15000.0,15000.0,,15000.0,15000.0
C language,1,15500.0,15500.0,,15500.0,15500.0
workshops,1,9450.0,9450.0,,9450.0,9450.0
agile ceremonies,0,,,,,
hosting,1,11000.0,11000.0,,11000.0,11000.0
SAS Guide,0,,,,,
Angular.js,1,22000.0,22000.0,,22000.0,22000.0
ArchiMate,1,17000.0,17000.0,,17000.0,17000.0
C embedded development,0,,,,,
Check Point,0,,,,,
Product Discovery,1,11200.0,11200.0,,11200.0,11200.0
Json/XML,0,,,,,
3GPP,0,,,,,
Word,0,,,,,
Planning Management,1,23520.0,23520.0,,23520.0,23520.0
OAuthZ,1,8000.0,8000.0,,8000.0,8000.0
Burp Suite Pro,1,15000.0,15000.0,,15000.0,15000.0
Semantic UI,1,13000.0,13000.0,,13000.0,13000.0
Budget Management,0,,,,,
Legacy code,0,,,,,
Adobe Creative Suite,0,,,,,
WPF (XAML),0,,,,,
Nuxt,0,,,,,
SAP MM,0,,,,,
Copado,1,30240.0,30240.0,,30240.0,30240.0
Threat Modelling,1,10000.0,10000.0,,10000.0,10000.0
cicd,1,17160.0,17160.0,,17160.0,17160.0
SQL Microsoft,1,10000.0,10000.0,,10000.0,10000.0
Symfony / Laravel,1,8000.0,8000.0,,8000.0,8000.0
Type,0,,,,,
Windows Platform,1,23440.0,23440.0,,23440.0,23440.0
CDS Views,0,,,,,
API Tester,1,18000.0,18000.0,,18000.0,18000.0
Checkpoint,1,10000.0,10000.0,,10000.0,10000.0
distributed architectures.,0,,,,,
Data architectures,0,,,,,
FIORI APPS,0,,,,,
Scala 2.x/Python 3,1,20160.0,20160.0,,20160.0,20160.0
powerPoint,0,,,,,
EUDA,0,,,,,
Power Apps Platform,1,20000.0,20000.0,,20000.0,20000.0
TFS,1,9000.0,9000.0,,9000.0,9000.0
Apache ActiveMQ,0,,,,,
Linux (Ubuntu),0,,,,,
Mobile Device Management,1,5000.0,5000.0,,5000.0,5000.0
Composition API,1,18000.0,18000.0,,18000.0,18000.0
Bloomreach,1,10000.0,10000.0,,10000.0,10000.0
Middleware,1,20000.0,20000.0,,20000.0,20000.0
web security,1,15000.0,15000.0,,15000.0,15000.0
eTOM,0,,,,,
Ul,1,9000.0,9000.0,,9000.0,9000.0
PO,1,25600.0,25600.0,,25600.0,25600.0
Reagent,1,25000.0,25000.0,,25000.0,25000.0
line management,0,,,,,
JavaScript (jQuery),0,,,,,
Troubleshooting skills,1,15500.0,15500.0,,15500.0,15500.0
Relay,0,,,,,
XSLT,0,,,,,
QOS,0,,,,,
oauth,0,,,,,
CocoaPods,1,13000.0,13000.0,,13000.0,13000.0
SAP BTP,0,,,,,
Plugin,1,23520.0,23520.0,,23520.0,23520.0
Python/SQL,0,,,,,
SecOps,1,10000.0,10000.0,,10000.0,10000.0
draw.io,0,,,,,
C#/Java,1,15000.0,15000.0,,15000.0,15000.0
blueprints,1,12000.0,12000.0,,12000.0,12000.0
Test API,1,23520.0,23520.0,,23520.0,23520.0
Azure Data Faktory,1,23000.0,23000.0,,23000.0,23000.0
microcontrollers,1,18000.0,18000.0,,18000.0,18000.0
Networking Concepts,1,25000.0,25000.0,,25000.0,25000.0
Product Analysis,0,,,,,
Microsoft SSIS,1,21000.0,21000.0,,21000.0,21000.0
SEO/SEM,1,8400.0,8400.0,,8400.0,8400.0
EPM,0,,,,,
OTC,1,28020.0,28020.0,,28020.0,28020.0
ELT/ETL,1,16940.0,16940.0,,16940.0,16940.0
Red Hat Linux,1,28560.0,28560.0,,28560.0,28560.0
SAP PP,0,,,,,
telecom industry,0,,,,,
SAP MM/WM/SD,0,,,,,
Scrum/Kanban,1,15000.0,15000.0,,15000.0,15000.0
Angielsk,0,,,,,
Arduino,1,3000.0,3000.0,,3000.0,3000.0
Good comunicate skills,1,13000.0,13000.0,,13000.0,13000.0
SAP SuccessFactor,0,,,,,
Microsoft Intune,0,,,,,
WebEx,0,,,,,
Avaloq,1,30000.0,30000.0,,30000.0,30000.0
jinja,1,17000.0,17000.0,,17000.0,17000.0
API Tests,0,,,,,
SAP WM,0,,,,,
CCNP,0,,,,,
Looker Studio,0,,,,,
DBT,1,25000.0,25000.0,,25000.0,25000.0
HFSQL/SQL,0,,,,,
EMS,1,17000.0,17000.0,,17000.0,17000.0
Data Lake S3,1,19000.0,19000.0,,19000.0,19000.0
Adobe Indesign,1,6435.0,6435.0,,6435.0,6435.0
Microsoft Office Professional Suite,1,8000.0,8000.0,,8000.0,8000.0
Azure Data,0,,,,,
Fiori,0,,,,,
Flink,1,14000.0,14000.0,,14000.0,14000.0
workshops with clients,1,11200.0,11200.0,,11200.0,11200.0
Hilt/Dagger,1,20000.0,20000.0,,20000.0,20000.0
Apple Pay,1,18480.0,18480.0,,18480.0,18480.0
Akeneo,1,18500.0,18500.0,,18500.0,18500.0
SIAM,0,,,,,
Clojure,1,25000.0,25000.0,,25000.0,25000.0
JEE/Spring,1,11000.0,11000.0,,11000.0,11000.0
NET / C#,1,26880.0,26880.0,,26880.0,26880.0
English B2+,1,26720.0,26720.0,,26720.0,26720.0
Express,1,18000.0,18000.0,,18000.0,18000.0
*Microsoft Power Platform,0,,,,,
CSS / HTML,1,9000.0,9000.0,,9000.0,9000.0
MS Dynamics 365 F&O,0,,,,,
Chaos,1,12000.0,12000.0,,12000.0,12000.0
infrastruktura sieciowa,1,12000.0,12000.0,,12000.0,12000.0
SAP CPI,0,,,,,
UML/BPMN,0,,,,,
Nessus,1,13000.0,13000.0,,13000.0,13000.0
EXIMEE,0,,,,,
Apache Airflow,0,,,,,
Java Enterprise Edition,0,,,,,
Archmiate,0,,,,,
Postgres-XL/TBase,0,,,,,
Native Polish,0,,,,,
JavaSE 8/11,1,20000.0,20000.0,,20000.0,20000.0
C/AL,0,,,,,
Haskell,1,20000.0,20000.0,,20000.0,20000.0
KornShell,1,15000.0,15000.0,,15000.0,15000.0
Zendesk,1,7005.0,7005.0,,7005.0,7005.0
System analyst,1,15000.0,15000.0,,15000.0,15000.0
Informatica,1,20000.0,20000.0,,20000.0,20000.0
Doctrine,1,10000.0,10000.0,,10000.0,10000.0
Oracle Service Bus,1,25600.0,25600.0,,25600.0,25600.0
Technical Experience,1,20000.0,20000.0,,20000.0,20000.0
Python/Django,1,15500.0,15500.0,,15500.0,15500.0
Cisco Network,1,9000.0,9000.0,,9000.0,9000.0
Ribbon Workbench,1,20000.0,20000.0,,20000.0,20000.0
Data Warehouse,1,18000.0,18000.0,,18000.0,18000.0
BIOS,1,7400.0,7400.0,,7400.0,7400.0
Odoo,1,12000.0,12000.0,,12000.0,12000.0
IT Operations Experience,1,25000.0,25000.0,,25000.0,25000.0
Google Search Console,1,6000.0,6000.0,,6000.0,6000.0
L1/L2/L3 Support,1,10800.0,10800.0,,10800.0,10800.0
TestLink,0,,,,,
j.angielski,0,,,,,
Smart Forms,0,,,,,
Design Systems,0,,,,,
Intel,1,7800.0,7800.0,,7800.0,7800.0
inżynieria systemowa,0,,,,,
Functional Testing,1,8000.0,8000.0,,8000.0,8000.0
Swagger,0,,,,,
ASA,1,20000.0,20000.0,,20000.0,20000.0
HA/LB,0,,,,,
Investment funds,1,12800.0,12800.0,,12800.0,12800.0
UNIX/LINUX,0,,,,,
MS Exchange,1,25500.0,25500.0,,25500.0,25500.0
Testing Theory,1,13000.0,13000.0,,13000.0,13000.0
UML 2.x,0,,,,,
Wireless,1,20000.0,20000.0,,20000.0,20000.0
JAMF,0,,,,,
Architektura IT,1,22000.0,22000.0,,22000.0,22000.0
Zarządzanie procesem testowym,0,,,,,
IP networks,0,,,,,
Kif,1,18000.0,18000.0,,18000.0,18000.0
Znajomość podstaw sieci transmisyjnych oraz protokołów sieciowych,0,,,,,
Test Cases,1,5600.0,5600.0,,5600.0,5600.0
SD/MM,0,,,,,
AOSP,1,24000.0,24000.0,,24000.0,24000.0
CSSS3,1,12000.0,12000.0,,12000.0,12000.0
BizTalk,0,,,,,
ARM embedded systems,0,,,,,
English B2,0,,,,,
Application administration,0,,,,,
Java/Scala,1,20000.0,20000.0,,20000.0,20000.0
TestComplete,0,,,,,
IT Infrastructure,1,20548.0,20548.0,,20548.0,20548.0
Decyzyjność,1,8000.0,8000.0,,8000.0,8000.0
Cloud Services,1,12000.0,12000.0,,12000.0,12000.0
landing zones in AWS,1,29000.0,29000.0,,29000.0,29000.0
NumPy,1,4500.0,4500.0,,4500.0,4500.0
Insurity,0,,,,,
Komunikatywność,0,,,,,
SBC,0,,,,,
Selenium API,0,,,,,
DWH/Data Mart,0,,,,,
Data & AI,0,,,,,
DevOps tools,0,,,,,
MDM,0,,,,,
SAP Hybris,0,,,,,
BGP,0,,,,,
WooCommerce,0,,,,,
WebSphere,1,20000.0,20000.0,,20000.0,20000.0
Strategic/tactical skills,0,,,,,
Mutiny,1,27500.0,27500.0,,27500.0,27500.0
Angular 12,1,16800.0,16800.0,,16800.0,16800.0
Edlund,1,33600.0,33600.0,,33600.0,33600.0
DellEMC,0,,,,,
VS-Test,0,,,,,
redagowanie tekstów,0,,,,,
visualization tools,1,25000.0,25000.0,,25000.0,25000.0
Wi-Fi,0,,,,,
SIEM/SOAR,0,,,,,
Transact-SQL,0,,,,,
Brightscript,1,23000.0,23000.0,,23000.0,23000.0
Oracle or PostreSQL,0,,,,,
cplace,1,6000.0,6000.0,,6000.0,6000.0
interpersonal skills,1,20000.0,20000.0,,20000.0,20000.0
Rx,1,12000.0,12000.0,,12000.0,12000.0
projektowanie systemów,0,,,,,
podstawy IT,0,,,,,
Tworzenie systemów,0,,,,,
Data Lakes,1,12000.0,12000.0,,12000.0,12000.0
BISSIS,1,11000.0,11000.0,,11000.0,11000.0
Metasploit,1,15000.0,15000.0,,15000.0,15000.0
Azure / AWS,1,20000.0,20000.0,,20000.0,20000.0
JAX-RS,1,13000.0,13000.0,,13000.0,13000.0
ESB,0,,,,,
Android/iOS,1,10000.0,10000.0,,10000.0,10000.0
Znajomość podstaw protokołów TCP /IP,0,,,,,
OSI,0,,,,,
WIFI,1,20000.0,20000.0,,20000.0,20000.0
Duck Creek,0,,,,,
Testy Automatyczne,0,,,,,
j.polski,0,,,,,
IT studies,1,24000.0,24000.0,,24000.0,24000.0
Clouds based solution,0,,,,,
JMESPath,0,,,,,
C/C+,0,,,,,
Cisco IOS,1,20000.0,20000.0,,20000.0,20000.0
Cassandra,1,27500.0,27500.0,,27500.0,27500.0
Microsoft System Center,1,8500.0,8500.0,,8500.0,8500.0
Microsoft Dynamics CRM,1,23000.0,23000.0,,23000.0,23000.0
MLOps,1,15000.0,15000.0,,15000.0,15000.0
Observability tools,1,25000.0,25000.0,,25000.0,25000.0
Senior Chapter Lead,1,25000.0,25000.0,,25000.0,25000.0
Graphic design,0,,,,,
Microservice Infrastructure,1,23520.0,23520.0,,23520.0,23520.0
.NET Core/.NET 6,1,21000.0,21000.0,,21000.0,21000.0
Hive,1,18480.0,18480.0,,18480.0,18480.0
Team City,1,29400.0,29400.0,,29400.0,29400.0
GreenPlum,0,,,,,
PC,0,,,,,
PowerBi,0,,,,,
sparx Enterprise,1,18000.0,18000.0,,18000.0,18000.0
Solaris 10,1,17000.0,17000.0,,17000.0,17000.0
QA Automation,1,23520.0,23520.0,,23520.0,23520.0
Plan and execute application tests,1,7500.0,7500.0,,7500.0,7500.0
Microsoftw Power BI,0,,,,,
Design fundamentals,1,27086.0,27086.0,,27086.0,27086.0
Java Automation Test Automation,0,,,,,
Querydsl,1,12000.0,12000.0,,12000.0,12000.0
Docker lub Podman,0,,,,,
DevOps/SRE,0,,,,,
Windows Active Directory,0,,,,,
Commerce Cloud,1,28954.0,28954.0,,28954.0,28954.0
Terraform/Terragrunt,0,,,,,
technical architecture,1,20000.0,20000.0,,20000.0,20000.0
Fund Administration,0,,,,,
Windev environment or C++/C#,0,,,,,
Public Cloud Platform,1,25000.0,25000.0,,25000.0,25000.0
Conda,1,17000.0,17000.0,,17000.0,17000.0
YAML,0,,,,,
Marketing-mix modelling,0,,,,,
Testing web applications,1,7500.0,7500.0,,7500.0,7500.0
Django / Twisted / Flask,1,12000.0,12000.0,,12000.0,12000.0
Cryptography,0,,,,,
Azure Synapse Analytics,0,,,,,
CloudFormation,1,22000.0,22000.0,,22000.0,22000.0
wireframing,1,8000.0,8000.0,,8000.0,8000.0
Spring Boot (2.x);,0,,,,,
Gearset,1,30240.0,30240.0,,30240.0,30240.0
SAP R3,1,26880.0,26880.0,,26880.0,26880.0
Microsoft Excel,0,,,,,
RSJX,0,,,,,
Niemiecki,1,15000.0,15000.0,,15000.0,15000.0
test-driven development,1,23000.0,23000.0,,23000.0,23000.0
CentOS,1,9000.0,9000.0,,9000.0,9000.0
Ethereum,1,23000.0,23000.0,,23000.0,23000.0
Enterprise Interface Builder,0,,,,,
TYPO3,0,,,,,
communicatioIn skills,0,,,,,
SPSS,0,,,,,
SAS 4GL,0,,,,,
MediatR,0,,,,,
Marketing Cloud,0,,,,,
Oracle Cloud,0,,,,,
Kubernetes lub Openshift,0,,,,,
IP technologies,1,13000.0,13000.0,,13000.0,13000.0
AWS / Azure,0,,,,,
Fortinet,1,12000.0,12000.0,,12000.0,12000.0
Coaching,1,24000.0,24000.0,,24000.0,24000.0
ASP.NET Core / React,0,,,,,
Angular/React,1,26720.0,26720.0,,26720.0,26720.0
QlikSaaS,1,23350.0,23350.0,,23350.0,23350.0
MxML trade representation,1,15000.0,15000.0,,15000.0,15000.0
orac,0,,,,,
Sping Boot,1,21450.0,21450.0,,21450.0,21450.0
Budowanie relacji,0,,,,,
Dagger,0,,,,,
Code Management Tools,1,25000.0,25000.0,,25000.0,25000.0
Percona XtraDB Cluster / Mysql,1,11000.0,11000.0,,11000.0,11000.0
analityczność,1,6000.0,6000.0,,6000.0,6000.0
Productive,1,12000.0,12000.0,,12000.0,12000.0
Apache Nifi,1,14000.0,14000.0,,14000.0,14000.0
Switf,1,23520.0,23520.0,,23520.0,23520.0
Lumen,0,,,,,
Robotic Process Automatio,0,,,,,
DSPACE,1,13000.0,13000.0,,13000.0,13000.0
SAP GRC,0,,,,,
Shell Scripting,1,9000.0,9000.0,,9000.0,9000.0
JavaEE 8,1,20000.0,20000.0,,20000.0,20000.0
LAN/WAN/VPN,1,9000.0,9000.0,,9000.0,9000.0
testing mobile applications,1,7500.0,7500.0,,7500.0,7500.0
język polski,1,13000.0,13000.0,,13000.0,13000.0
DevExpress,1,14000.0,14000.0,,14000.0,14000.0
ERDS,1,8000.0,8000.0,,8000.0,8000.0
Planowanie,1,8000.0,8000.0,,8000.0,8000.0
EF Core,1,15120.0,15120.0,,15120.0,15120.0
AWS / Azure / Google,1,21840.0,21840.0,,21840.0,21840.0
VoLTE,0,,,,,
Communication,0,,,,,
RWD,1,4500.0,4500.0,,4500.0,4500.0
React 16.8+,1,14000.0,14000.0,,14000.0,14000.0
F2P,1,8000.0,8000.0,,8000.0,8000.0
Service Now,1,16000.0,16000.0,,16000.0,16000.0
SAP CFIN,0,,,,,
Wireframes,1,7000.0,7000.0,,7000.0,7000.0
data analyst,1,8500.0,8500.0,,8500.0,8500.0
3+ y. as Business Analist,1,9000.0,9000.0,,9000.0,9000.0
Adobe AfterEffects,1,6435.0,6435.0,,6435.0,6435.0
DAM,0,,,,,
Google Pay,1,18480.0,18480.0,,18480.0,18480.0
System implementation,1,23520.0,23520.0,,23520.0,23520.0
Spock,1,15000.0,15000.0,,15000.0,15000.0
User Flow,0,,,,,
Defining requirements,1,10000.0,10000.0,,10000.0,10000.0
Lan/Wan/Wifi,0,,,,,
QlikSense,1,23350.0,23350.0,,23350.0,23350.0
Network hardware,1,11600.0,11600.0,,11600.0,11600.0
Infrastructure security,1,25000.0,25000.0,,25000.0,25000.0
PDF,0,,,,,
VB6,0,,,,,
F#,0,,,,,
Research,0,,,,,
Zabbix,0,,,,,
alpine,0,,,,,
MS Access,0,,,,,
ELK,0,,,,,
SAS ETL,0,,,,,
data governance,0,,,,,
bpms,1,19000.0,19000.0,,19000.0,19000.0
Google Data Studio,1,7500.0,7500.0,,7500.0,7500.0
SAP Process Integration 7.5,1,17000.0,17000.0,,17000.0,17000.0
Oracle Linux,0,,,,,
Java 8 and 11,0,,,,,
XSD,0,,,,,
Programming (any language),1,22000.0,22000.0,,22000.0,22000.0
Development Manager,1,32000.0,32000.0,,32000.0,32000.0
master data,0,,,,,
Blazemeter,0,,,,,
Spring Core,1,22000.0,22000.0,,22000.0,22000.0
Java / Python / JS,0,,,,,
BI Power,1,12000.0,12000.0,,12000.0,12000.0
data migration,1,23520.0,23520.0,,23520.0,23520.0
UI Tester,1,18000.0,18000.0,,18000.0,18000.0
stash,1,16000.0,16000.0,,16000.0,16000.0
GitHub/GitLab,1,26880.0,26880.0,,26880.0,26880.0
CHARM,0,,,,,
JavaServerFaces,1,30000.0,30000.0,,30000.0,30000.0
GCP/AWS/AZURE,1,21000.0,21000.0,,21000.0,21000.0
DevOps/GitOps,1,11000.0,11000.0,,11000.0,11000.0
Rest Services,0,,,,,
WebdriverIO,1,19000.0,19000.0,,19000.0,19000.0
Type script,1,17000.0,17000.0,,17000.0,17000.0
net 6,0,,,,,
AS400,0,,,,,
BI tools,1,16000.0,16000.0,,16000.0,16000.0
"JUnit, Mockito;",0,,,,,
IT contract management,1,17000.0,17000.0,,17000.0,17000.0
Agile/Scrum,0,,,,,
Mainframe,1,22000.0,22000.0,,22000.0,22000.0
SD-WAN,0,,,,,
